"","County","Office","Candidate","Votes"
"1","Adams","Governor","write-in ","0"
"2","Adams","Governor","Marty Riske & Joshua Voytek","33"
"3","Adams","Governor","Marvin E Nelson  & Joan Heckaman","135"
"4","Adams","Governor","Doug  Burgum  & Brent Sanford","1049"
"5","Adams","Governor","TOTALS","1217"
"6","Barnes","Governor","write-in ","5"
"7","Barnes","Governor","Marty Riske & Joshua Voytek","188"
"8","Barnes","Governor","Marvin E Nelson  & Joan Heckaman","917"
"9","Barnes","Governor","Doug  Burgum  & Brent Sanford","4217"
"10","Barnes","Governor","TOTALS","5327"
"11","Benson","Governor","write-in ","3"
"12","Benson","Governor","Marty Riske & Joshua Voytek","78"
"13","Benson","Governor","Marvin E Nelson  & Joan Heckaman","817"
"14","Benson","Governor","Doug  Burgum  & Brent Sanford","1109"
"15","Benson","Governor","TOTALS","2007"
"16","Billings","Governor","write-in ","0"
"17","Billings","Governor","Marty Riske & Joshua Voytek","22"
"18","Billings","Governor","Marvin E Nelson  & Joan Heckaman","48"
"19","Billings","Governor","Doug  Burgum  & Brent Sanford","537"
"20","Billings","Governor","TOTALS","607"
"21","Bottineau","Governor","write-in ","7"
"22","Bottineau","Governor","Marty Riske & Joshua Voytek","101"
"23","Bottineau","Governor","Marvin E Nelson  & Joan Heckaman","595"
"24","Bottineau","Governor","Doug  Burgum  & Brent Sanford","2768"
"25","Bottineau","Governor","TOTALS","3471"
"26","Bowman","Governor","write-in ","1"
"27","Bowman","Governor","Marty Riske & Joshua Voytek","36"
"28","Bowman","Governor","Marvin E Nelson  & Joan Heckaman","178"
"29","Bowman","Governor","Doug  Burgum  & Brent Sanford","1577"
"30","Bowman","Governor","TOTALS","1792"
"31","Burke","Governor","write-in ","4"
"32","Burke","Governor","Marty Riske & Joshua Voytek","15"
"33","Burke","Governor","Marvin E Nelson  & Joan Heckaman","122"
"34","Burke","Governor","Doug  Burgum  & Brent Sanford","905"
"35","Burke","Governor","TOTALS","1046"
"36","Burleigh","Governor","write-in ","149"
"37","Burleigh","Governor","Marty Riske & Joshua Voytek","1632"
"38","Burleigh","Governor","Marvin E Nelson  & Joan Heckaman","7821"
"39","Burleigh","Governor","Doug  Burgum  & Brent Sanford","37790"
"40","Burleigh","Governor","TOTALS","47392"
"41","Cass","Governor","write-in ","162"
"42","Cass","Governor","Marty Riske & Joshua Voytek","3721"
"43","Cass","Governor","Marvin E Nelson  & Joan Heckaman","18559"
"44","Cass","Governor","Doug  Burgum  & Brent Sanford","57024"
"45","Cass","Governor","TOTALS","79466"
"46","Cavalier","Governor","write-in ","5"
"47","Cavalier","Governor","Marty Riske & Joshua Voytek","37"
"48","Cavalier","Governor","Marvin E Nelson  & Joan Heckaman","374"
"49","Cavalier","Governor","Doug  Burgum  & Brent Sanford","1598"
"50","Cavalier","Governor","TOTALS","2014"
"51","Dickey","Governor","write-in ","1"
"52","Dickey","Governor","Marty Riske & Joshua Voytek","55"
"53","Dickey","Governor","Marvin E Nelson  & Joan Heckaman","404"
"54","Dickey","Governor","Doug  Burgum  & Brent Sanford","1945"
"55","Dickey","Governor","TOTALS","2405"
"56","Divide","Governor","write-in ","3"
"57","Divide","Governor","Marty Riske & Joshua Voytek","38"
"58","Divide","Governor","Marvin E Nelson  & Joan Heckaman","232"
"59","Divide","Governor","Doug  Burgum  & Brent Sanford","939"
"60","Divide","Governor","TOTALS","1212"
"61","Dunn","Governor","write-in ","2"
"62","Dunn","Governor","Marty Riske & Joshua Voytek","52"
"63","Dunn","Governor","Marvin E Nelson  & Joan Heckaman","302"
"64","Dunn","Governor","Doug  Burgum  & Brent Sanford","1860"
"65","Dunn","Governor","TOTALS","2216"
"66","Eddy","Governor","write-in ","3"
"67","Eddy","Governor","Marty Riske & Joshua Voytek","28"
"68","Eddy","Governor","Marvin E Nelson  & Joan Heckaman","489"
"69","Eddy","Governor","Doug  Burgum  & Brent Sanford","716"
"70","Eddy","Governor","TOTALS","1236"
"71","Emmons","Governor","write-in ","1"
"72","Emmons","Governor","Marty Riske & Joshua Voytek","49"
"73","Emmons","Governor","Marvin E Nelson  & Joan Heckaman","185"
"74","Emmons","Governor","Doug  Burgum  & Brent Sanford","1738"
"75","Emmons","Governor","TOTALS","1973"
"76","Foster","Governor","write-in ","2"
"77","Foster","Governor","Marty Riske & Joshua Voytek","53"
"78","Foster","Governor","Marvin E Nelson  & Joan Heckaman","286"
"79","Foster","Governor","Doug  Burgum  & Brent Sanford","1397"
"80","Foster","Governor","TOTALS","1738"
"81","Golden Valley","Governor","write-in ","2"
"82","Golden Valley","Governor","Marty Riske & Joshua Voytek","26"
"83","Golden Valley","Governor","Marvin E Nelson  & Joan Heckaman","128"
"84","Golden Valley","Governor","Doug  Burgum  & Brent Sanford","795"
"85","Golden Valley","Governor","TOTALS","951"
"86","Grand Forks","Governor","write-in ","35"
"87","Grand Forks","Governor","Marty Riske & Joshua Voytek","1337"
"88","Grand Forks","Governor","Marvin E Nelson  & Joan Heckaman","7392"
"89","Grand Forks","Governor","Doug  Burgum  & Brent Sanford","20458"
"90","Grand Forks","Governor","TOTALS","29222"
"91","Grant","Governor","write-in ","2"
"92","Grant","Governor","Marty Riske & Joshua Voytek","31"
"93","Grant","Governor","Marvin E Nelson  & Joan Heckaman","152"
"94","Grant","Governor","Doug  Burgum  & Brent Sanford","1209"
"95","Grant","Governor","TOTALS","1394"
"96","Griggs","Governor","write-in ","1"
"97","Griggs","Governor","Marty Riske & Joshua Voytek","33"
"98","Griggs","Governor","Marvin E Nelson  & Joan Heckaman","278"
"99","Griggs","Governor","Doug  Burgum  & Brent Sanford","961"
"100","Griggs","Governor","TOTALS","1273"
"101","Hettinger","Governor","write-in ","1"
"102","Hettinger","Governor","Marty Riske & Joshua Voytek","39"
"103","Hettinger","Governor","Marvin E Nelson  & Joan Heckaman","143"
"104","Hettinger","Governor","Doug  Burgum  & Brent Sanford","1104"
"105","Hettinger","Governor","TOTALS","1287"
"106","Kidder","Governor","write-in ","0"
"107","Kidder","Governor","Marty Riske & Joshua Voytek","40"
"108","Kidder","Governor","Marvin E Nelson  & Joan Heckaman","178"
"109","Kidder","Governor","Doug  Burgum  & Brent Sanford","1167"
"110","Kidder","Governor","TOTALS","1385"
"111","LaMoure","Governor","write-in ","0"
"112","LaMoure","Governor","Marty Riske & Joshua Voytek","49"
"113","LaMoure","Governor","Marvin E Nelson  & Joan Heckaman","368"
"114","LaMoure","Governor","Doug  Burgum  & Brent Sanford","1748"
"115","LaMoure","Governor","TOTALS","2165"
"116","Logan","Governor","write-in ","2"
"117","Logan","Governor","Marty Riske & Joshua Voytek","28"
"118","Logan","Governor","Marvin E Nelson  & Joan Heckaman","96"
"119","Logan","Governor","Doug  Burgum  & Brent Sanford","964"
"120","Logan","Governor","TOTALS","1090"
"121","McHenry","Governor","write-in ","9"
"122","McHenry","Governor","Marty Riske & Joshua Voytek","82"
"123","McHenry","Governor","Marvin E Nelson  & Joan Heckaman","427"
"124","McHenry","Governor","Doug  Burgum  & Brent Sanford","2335"
"125","McHenry","Governor","TOTALS","2853"
"126","McIntosh","Governor","write-in ","4"
"127","McIntosh","Governor","Marty Riske & Joshua Voytek","28"
"128","McIntosh","Governor","Marvin E Nelson  & Joan Heckaman","174"
"129","McIntosh","Governor","Doug  Burgum  & Brent Sanford","1253"
"130","McIntosh","Governor","TOTALS","1459"
"131","McKenzie","Governor","write-in ","7"
"132","McKenzie","Governor","Marty Riske & Joshua Voytek","135"
"133","McKenzie","Governor","Marvin E Nelson  & Joan Heckaman","563"
"134","McKenzie","Governor","Doug  Burgum  & Brent Sanford","3889"
"135","McKenzie","Governor","TOTALS","4594"
"136","McLean","Governor","write-in ","12"
"137","McLean","Governor","Marty Riske & Joshua Voytek","141"
"138","McLean","Governor","Marvin E Nelson  & Joan Heckaman","918"
"139","McLean","Governor","Doug  Burgum  & Brent Sanford","4239"
"140","McLean","Governor","TOTALS","5310"
"141","Mercer","Governor","write-in ","7"
"142","Mercer","Governor","Marty Riske & Joshua Voytek","111"
"143","Mercer","Governor","Marvin E Nelson  & Joan Heckaman","552"
"144","Mercer","Governor","Doug  Burgum  & Brent Sanford","3954"
"145","Mercer","Governor","TOTALS","4624"
"146","Morton","Governor","write-in ","29"
"147","Morton","Governor","Marty Riske & Joshua Voytek","586"
"148","Morton","Governor","Marvin E Nelson  & Joan Heckaman","2411"
"149","Morton","Governor","Doug  Burgum  & Brent Sanford","12589"
"150","Morton","Governor","TOTALS","15615"
"151","Mountrail","Governor","write-in ","4"
"152","Mountrail","Governor","Marty Riske & Joshua Voytek","171"
"153","Mountrail","Governor","Marvin E Nelson  & Joan Heckaman","1125"
"154","Mountrail","Governor","Doug  Burgum  & Brent Sanford","2759"
"155","Mountrail","Governor","TOTALS","4059"
"156","Nelson","Governor","write-in ","5"
"157","Nelson","Governor","Marty Riske & Joshua Voytek","54"
"158","Nelson","Governor","Marvin E Nelson  & Joan Heckaman","500"
"159","Nelson","Governor","Doug  Burgum  & Brent Sanford","1185"
"160","Nelson","Governor","TOTALS","1744"
"161","Oliver","Governor","write-in ","1"
"162","Oliver","Governor","Marty Riske & Joshua Voytek","25"
"163","Oliver","Governor","Marvin E Nelson  & Joan Heckaman","105"
"164","Oliver","Governor","Doug  Burgum  & Brent Sanford","890"
"165","Oliver","Governor","TOTALS","1021"
"166","Pembina","Governor","write-in ","0"
"167","Pembina","Governor","Marty Riske & Joshua Voytek","102"
"168","Pembina","Governor","Marvin E Nelson  & Joan Heckaman","513"
"169","Pembina","Governor","Doug  Burgum  & Brent Sanford","2556"
"170","Pembina","Governor","TOTALS","3171"
"171","Pierce","Governor","write-in ","1"
"172","Pierce","Governor","Marty Riske & Joshua Voytek","42"
"173","Pierce","Governor","Marvin E Nelson  & Joan Heckaman","394"
"174","Pierce","Governor","Doug  Burgum  & Brent Sanford","1641"
"175","Pierce","Governor","TOTALS","2078"
"176","Ramsey","Governor","write-in ","10"
"177","Ramsey","Governor","Marty Riske & Joshua Voytek","206"
"178","Ramsey","Governor","Marvin E Nelson  & Joan Heckaman","1111"
"179","Ramsey","Governor","Doug  Burgum  & Brent Sanford","4004"
"180","Ramsey","Governor","TOTALS","5331"
"181","Ransom","Governor","write-in ","4"
"182","Ransom","Governor","Marty Riske & Joshua Voytek","86"
"183","Ransom","Governor","Marvin E Nelson  & Joan Heckaman","546"
"184","Ransom","Governor","Doug  Burgum  & Brent Sanford","1722"
"185","Ransom","Governor","TOTALS","2358"
"186","Renville","Governor","write-in ","0"
"187","Renville","Governor","Marty Riske & Joshua Voytek","36"
"188","Renville","Governor","Marvin E Nelson  & Joan Heckaman","161"
"189","Renville","Governor","Doug  Burgum  & Brent Sanford","1076"
"190","Renville","Governor","TOTALS","1273"
"191","Richland","Governor","write-in ","12"
"192","Richland","Governor","Marty Riske & Joshua Voytek","292"
"193","Richland","Governor","Marvin E Nelson  & Joan Heckaman","1332"
"194","Richland","Governor","Doug  Burgum  & Brent Sanford","5867"
"195","Richland","Governor","TOTALS","7503"
"196","Rolette","Governor","write-in ","11"
"197","Rolette","Governor","Marty Riske & Joshua Voytek","120"
"198","Rolette","Governor","Marvin E Nelson  & Joan Heckaman","2383"
"199","Rolette","Governor","Doug  Burgum  & Brent Sanford","1240"
"200","Rolette","Governor","TOTALS","3754"
"201","Sargent","Governor","write-in ","4"
"202","Sargent","Governor","Marty Riske & Joshua Voytek","53"
"203","Sargent","Governor","Marvin E Nelson  & Joan Heckaman","493"
"204","Sargent","Governor","Doug  Burgum  & Brent Sanford","1464"
"205","Sargent","Governor","TOTALS","2014"
"206","Sheridan","Governor","write-in ","2"
"207","Sheridan","Governor","Marty Riske & Joshua Voytek","20"
"208","Sheridan","Governor","Marvin E Nelson  & Joan Heckaman","86"
"209","Sheridan","Governor","Doug  Burgum  & Brent Sanford","678"
"210","Sheridan","Governor","TOTALS","786"
"211","Sioux","Governor","write-in ","6"
"212","Sioux","Governor","Marty Riske & Joshua Voytek","73"
"213","Sioux","Governor","Marvin E Nelson  & Joan Heckaman","684"
"214","Sioux","Governor","Doug  Burgum  & Brent Sanford","438"
"215","Sioux","Governor","TOTALS","1201"
"216","Slope","Governor","write-in ","1"
"217","Slope","Governor","Marty Riske & Joshua Voytek","10"
"218","Slope","Governor","Marvin E Nelson  & Joan Heckaman","41"
"219","Slope","Governor","Doug  Burgum  & Brent Sanford","376"
"220","Slope","Governor","TOTALS","428"
"221","Stark","Governor","write-in ","18"
"222","Stark","Governor","Marty Riske & Joshua Voytek","372"
"223","Stark","Governor","Marvin E Nelson  & Joan Heckaman","1307"
"224","Stark","Governor","Doug  Burgum  & Brent Sanford","10354"
"225","Stark","Governor","TOTALS","12051"
"226","Steele","Governor","write-in ","5"
"227","Steele","Governor","Marty Riske & Joshua Voytek","27"
"228","Steele","Governor","Marvin E Nelson  & Joan Heckaman","231"
"229","Steele","Governor","Doug  Burgum  & Brent Sanford","766"
"230","Steele","Governor","TOTALS","1029"
"231","Stutsman","Governor","write-in ","20"
"232","Stutsman","Governor","Marty Riske & Joshua Voytek","337"
"233","Stutsman","Governor","Marvin E Nelson  & Joan Heckaman","1574"
"234","Stutsman","Governor","Doug  Burgum  & Brent Sanford","7953"
"235","Stutsman","Governor","TOTALS","9884"
"236","Towner","Governor","write-in ","2"
"237","Towner","Governor","Marty Riske & Joshua Voytek","25"
"238","Towner","Governor","Marvin E Nelson  & Joan Heckaman","303"
"239","Towner","Governor","Doug  Burgum  & Brent Sanford","841"
"240","Towner","Governor","TOTALS","1171"
"241","Traill","Governor","write-in ","8"
"242","Traill","Governor","Marty Riske & Joshua Voytek","144"
"243","Traill","Governor","Marvin E Nelson  & Joan Heckaman","793"
"244","Traill","Governor","Doug  Burgum  & Brent Sanford","2994"
"245","Traill","Governor","TOTALS","3939"
"246","Walsh","Governor","write-in ","8"
"247","Walsh","Governor","Marty Riske & Joshua Voytek","274"
"248","Walsh","Governor","Marvin E Nelson  & Joan Heckaman","787"
"249","Walsh","Governor","Doug  Burgum  & Brent Sanford","3613"
"250","Walsh","Governor","TOTALS","4682"
"251","Ward","Governor","write-in ","42"
"252","Ward","Governor","Marty Riske & Joshua Voytek","1330"
"253","Ward","Governor","Marvin E Nelson  & Joan Heckaman","4335"
"254","Ward","Governor","Doug  Burgum  & Brent Sanford","21223"
"255","Ward","Governor","TOTALS","26930"
"256","Wells","Governor","write-in ","7"
"257","Wells","Governor","Marty Riske & Joshua Voytek","51"
"258","Wells","Governor","Marvin E Nelson  & Joan Heckaman","355"
"259","Wells","Governor","Doug  Burgum  & Brent Sanford","1970"
"260","Wells","Governor","TOTALS","2383"
"261","Williams","Governor","write-in ","23"
"262","Williams","Governor","Marty Riske & Joshua Voytek","576"
"263","Williams","Governor","Marvin E Nelson  & Joan Heckaman","1452"
"264","Williams","Governor","Doug  Burgum  & Brent Sanford","10419"
"265","Williams","Governor","TOTALS","12470"
"266","Adams","President","write-in ","7"
"267","Adams","President","CLINTON","216"
"268","Adams","President","TRUMP","909"
"269","Adams","President","JOHNSON","65"
"270","Adams","President","STEIN","8"
"271","Adams","President","DE LA FUENTE","0"
"272","Adams","President","CASTLE","13"
"273","Adams","President","TOTALS","1218"
"274","Barnes","President","write-in ","86"
"275","Barnes","President","CLINTON","1597"
"276","Barnes","President","TRUMP","3160"
"277","Barnes","President","JOHNSON","407"
"278","Barnes","President","STEIN","47"
"279","Barnes","President","DE LA FUENTE","6"
"280","Barnes","President","CASTLE","41"
"281","Barnes","President","TOTALS","5344"
"282","Benson","President","write-in ","69"
"283","Benson","President","CLINTON","842"
"284","Benson","President","TRUMP","929"
"285","Benson","President","JOHNSON","112"
"286","Benson","President","STEIN","41"
"287","Benson","President","DE LA FUENTE","1"
"288","Benson","President","CASTLE","17"
"289","Benson","President","TOTALS","2011"
"290","Billings","President","write-in ","7"
"291","Billings","President","CLINTON","59"
"292","Billings","President","TRUMP","495"
"293","Billings","President","JOHNSON","33"
"294","Billings","President","STEIN","4"
"295","Billings","President","DE LA FUENTE","1"
"296","Billings","President","CASTLE","6"
"297","Billings","President","TOTALS","605"
"298","Bottineau","President","write-in ","43"
"299","Bottineau","President","CLINTON","736"
"300","Bottineau","President","TRUMP","2494"
"301","Bottineau","President","JOHNSON","177"
"302","Bottineau","President","STEIN","30"
"303","Bottineau","President","DE LA FUENTE","3"
"304","Bottineau","President","CASTLE","11"
"305","Bottineau","President","TOTALS","3494"
"306","Bowman","President","write-in ","16"
"307","Bowman","President","CLINTON","227"
"308","Bowman","President","TRUMP","1446"
"309","Bowman","President","JOHNSON","79"
"310","Bowman","President","STEIN","13"
"311","Bowman","President","DE LA FUENTE","2"
"312","Bowman","President","CASTLE","4"
"313","Bowman","President","TOTALS","1787"
"314","Burke","President","write-in ","4"
"315","Burke","President","CLINTON","119"
"316","Burke","President","TRUMP","895"
"317","Burke","President","JOHNSON","26"
"318","Burke","President","STEIN","5"
"319","Burke","President","DE LA FUENTE","0"
"320","Burke","President","CASTLE","3"
"321","Burke","President","TOTALS","1052"
"322","Burleigh","President","write-in ","1052"
"323","Burleigh","President","CLINTON","10881"
"324","Burleigh","President","TRUMP","32532"
"325","Burleigh","President","JOHNSON","2722"
"326","Burleigh","President","STEIN","480"
"327","Burleigh","President","DE LA FUENTE","49"
"328","Burleigh","President","CASTLE","263"
"329","Burleigh","President","TOTALS","47979"
"330","Cass","President","write-in ","1852"
"331","Cass","President","CLINTON","31361"
"332","Cass","President","TRUMP","39816"
"333","Cass","President","JOHNSON","6085"
"334","Cass","President","STEIN","1209"
"335","Cass","President","DE LA FUENTE","99"
"336","Cass","President","CASTLE","399"
"337","Cass","President","TOTALS","80821"
"338","Cavalier","President","write-in ","35"
"339","Cavalier","President","CLINTON","476"
"340","Cavalier","President","TRUMP","1357"
"341","Cavalier","President","JOHNSON","110"
"342","Cavalier","President","STEIN","19"
"343","Cavalier","President","DE LA FUENTE","2"
"344","Cavalier","President","CASTLE","7"
"345","Cavalier","President","TOTALS","2006"
"346","Dickey","President","write-in ","19"
"347","Dickey","President","CLINTON","554"
"348","Dickey","President","TRUMP","1667"
"349","Dickey","President","JOHNSON","123"
"350","Dickey","President","STEIN","23"
"351","Dickey","President","DE LA FUENTE","6"
"352","Dickey","President","CASTLE","15"
"353","Dickey","President","TOTALS","2407"
"354","Divide","President","write-in ","22"
"355","Divide","President","CLINTON","245"
"356","Divide","President","TRUMP","867"
"357","Divide","President","JOHNSON","71"
"358","Divide","President","STEIN","9"
"359","Divide","President","DE LA FUENTE","3"
"360","Divide","President","CASTLE","2"
"361","Divide","President","TOTALS","1219"
"362","Dunn","President","write-in ","24"
"363","Dunn","President","CLINTON","358"
"364","Dunn","President","TRUMP","1771"
"365","Dunn","President","JOHNSON","60"
"366","Dunn","President","STEIN","14"
"367","Dunn","President","DE LA FUENTE","1"
"368","Dunn","President","CASTLE","15"
"369","Dunn","President","TOTALS","2243"
"370","Eddy","President","write-in ","10"
"371","Eddy","President","CLINTON","355"
"372","Eddy","President","TRUMP","791"
"373","Eddy","President","JOHNSON","53"
"374","Eddy","President","STEIN","15"
"375","Eddy","President","DE LA FUENTE","1"
"376","Eddy","President","CASTLE","6"
"377","Eddy","President","TOTALS","1231"
"378","Emmons","President","write-in ","17"
"379","Emmons","President","CLINTON","215"
"380","Emmons","President","TRUMP","1677"
"381","Emmons","President","JOHNSON","52"
"382","Emmons","President","STEIN","10"
"383","Emmons","President","DE LA FUENTE","1"
"384","Emmons","President","CASTLE","9"
"385","Emmons","President","TOTALS","1981"
"386","Foster","President","write-in ","15"
"387","Foster","President","CLINTON","347"
"388","Foster","President","TRUMP","1241"
"389","Foster","President","JOHNSON","96"
"390","Foster","President","STEIN","10"
"391","Foster","President","DE LA FUENTE","1"
"392","Foster","President","CASTLE","9"
"393","Foster","President","TOTALS","1719"
"394","Golden Valley","President","write-in ","11"
"395","Golden Valley","President","CLINTON","99"
"396","Golden Valley","President","TRUMP","796"
"397","Golden Valley","President","JOHNSON","40"
"398","Golden Valley","President","STEIN","4"
"399","Golden Valley","President","DE LA FUENTE","0"
"400","Golden Valley","President","CASTLE","7"
"401","Golden Valley","President","TOTALS","957"
"402","Grand Forks","President","write-in ","612"
"403","Grand Forks","President","CLINTON","10851"
"404","Grand Forks","President","TRUMP","16340"
"405","Grand Forks","President","JOHNSON","2004"
"406","Grand Forks","President","STEIN","383"
"407","Grand Forks","President","DE LA FUENTE","37"
"408","Grand Forks","President","CASTLE","138"
"409","Grand Forks","President","TOTALS","30365"
"410","Grant","President","write-in ","10"
"411","Grant","President","CLINTON","185"
"412","Grant","President","TRUMP","1108"
"413","Grant","President","JOHNSON","65"
"414","Grant","President","STEIN","7"
"415","Grant","President","DE LA FUENTE","0"
"416","Grant","President","CASTLE","6"
"417","Grant","President","TOTALS","1381"
"418","Griggs","President","write-in ","18"
"419","Griggs","President","CLINTON","298"
"420","Griggs","President","TRUMP","847"
"421","Griggs","President","JOHNSON","93"
"422","Griggs","President","STEIN","6"
"423","Griggs","President","DE LA FUENTE","2"
"424","Griggs","President","CASTLE","1"
"425","Griggs","President","TOTALS","1265"
"426","Hettinger","President","write-in ","17"
"427","Hettinger","President","CLINTON","168"
"428","Hettinger","President","TRUMP","1050"
"429","Hettinger","President","JOHNSON","46"
"430","Hettinger","President","STEIN","5"
"431","Hettinger","President","DE LA FUENTE","1"
"432","Hettinger","President","CASTLE","9"
"433","Hettinger","President","TOTALS","1296"
"434","Kidder","President","write-in ","12"
"435","Kidder","President","CLINTON","179"
"436","Kidder","President","TRUMP","1111"
"437","Kidder","President","JOHNSON","64"
"438","Kidder","President","STEIN","7"
"439","Kidder","President","DE LA FUENTE","1"
"440","Kidder","President","CASTLE","2"
"441","Kidder","President","TOTALS","1376"
"442","LaMoure","President","write-in ","26"
"443","LaMoure","President","CLINTON","502"
"444","LaMoure","President","TRUMP","1481"
"445","LaMoure","President","JOHNSON","109"
"446","LaMoure","President","STEIN","13"
"447","LaMoure","President","DE LA FUENTE","4"
"448","LaMoure","President","CASTLE","16"
"449","LaMoure","President","TOTALS","2151"
"450","Logan","President","write-in ","14"
"451","Logan","President","CLINTON","114"
"452","Logan","President","TRUMP","888"
"453","Logan","President","JOHNSON","38"
"454","Logan","President","STEIN","5"
"455","Logan","President","DE LA FUENTE","2"
"456","Logan","President","CASTLE","6"
"457","Logan","President","TOTALS","1067"
"458","McHenry","President","write-in ","48"
"459","McHenry","President","CLINTON","490"
"460","McHenry","President","TRUMP","2050"
"461","McHenry","President","JOHNSON","189"
"462","McHenry","President","STEIN","20"
"463","McHenry","President","DE LA FUENTE","4"
"464","McHenry","President","CASTLE","19"
"465","McHenry","President","TOTALS","2820"
"466","McIntosh","President","write-in ","16"
"467","McIntosh","President","CLINTON","235"
"468","McIntosh","President","TRUMP","1100"
"469","McIntosh","President","JOHNSON","71"
"470","McIntosh","President","STEIN","10"
"471","McIntosh","President","DE LA FUENTE","2"
"472","McIntosh","President","CASTLE","12"
"473","McIntosh","President","TOTALS","1446"
"474","McKenzie","President","write-in ","66"
"475","McKenzie","President","CLINTON","698"
"476","McKenzie","President","TRUMP","3670"
"477","McKenzie","President","JOHNSON","172"
"478","McKenzie","President","STEIN","35"
"479","McKenzie","President","DE LA FUENTE","3"
"480","McKenzie","President","CASTLE","28"
"481","McKenzie","President","TOTALS","4672"
"482","McLean","President","write-in ","57"
"483","McLean","President","CLINTON","1081"
"484","McLean","President","TRUMP","3860"
"485","McLean","President","JOHNSON","256"
"486","McLean","President","STEIN","29"
"487","McLean","President","DE LA FUENTE","8"
"488","McLean","President","CASTLE","24"
"489","McLean","President","TOTALS","5315"
"490","Mercer","President","write-in ","66"
"491","Mercer","President","CLINTON","621"
"492","Mercer","President","TRUMP","3759"
"493","Mercer","President","JOHNSON","190"
"494","Mercer","President","STEIN","21"
"495","Mercer","President","DE LA FUENTE","4"
"496","Mercer","President","CASTLE","21"
"497","Mercer","President","TOTALS","4682"
"498","Morton","President","write-in ","263"
"499","Morton","President","CLINTON","3080"
"500","Morton","President","TRUMP","11336"
"501","Morton","President","JOHNSON","914"
"502","Morton","President","STEIN","141"
"503","Morton","President","DE LA FUENTE","16"
"504","Morton","President","CASTLE","82"
"505","Morton","President","TOTALS","15832"
"506","Mountrail","President","write-in ","54"
"507","Mountrail","President","CLINTON","1220"
"508","Mountrail","President","TRUMP","2582"
"509","Mountrail","President","JOHNSON","166"
"510","Mountrail","President","STEIN","56"
"511","Mountrail","President","DE LA FUENTE","4"
"512","Mountrail","President","CASTLE","24"
"513","Mountrail","President","TOTALS","4106"
"514","Nelson","President","write-in ","22"
"515","Nelson","President","CLINTON","536"
"516","Nelson","President","TRUMP","1025"
"517","Nelson","President","JOHNSON","114"
"518","Nelson","President","STEIN","11"
"519","Nelson","President","DE LA FUENTE","0"
"520","Nelson","President","CASTLE","9"
"521","Nelson","President","TOTALS","1717"
"522","Oliver","President","write-in ","11"
"523","Oliver","President","CLINTON","119"
"524","Oliver","President","TRUMP","830"
"525","Oliver","President","JOHNSON","47"
"526","Oliver","President","STEIN","3"
"527","Oliver","President","DE LA FUENTE","2"
"528","Oliver","President","CASTLE","5"
"529","Oliver","President","TOTALS","1017"
"530","Pembina","President","write-in ","55"
"531","Pembina","President","CLINTON","681"
"532","Pembina","President","TRUMP","2208"
"533","Pembina","President","JOHNSON","167"
"534","Pembina","President","STEIN","28"
"535","Pembina","President","DE LA FUENTE","2"
"536","Pembina","President","CASTLE","12"
"537","Pembina","President","TOTALS","3153"
"538","Pierce","President","write-in ","47"
"539","Pierce","President","CLINTON","431"
"540","Pierce","President","TRUMP","1437"
"541","Pierce","President","JOHNSON","132"
"542","Pierce","President","STEIN","9"
"543","Pierce","President","DE LA FUENTE","1"
"544","Pierce","President","CASTLE","14"
"545","Pierce","President","TOTALS","2071"
"546","Ramsey","President","write-in ","86"
"547","Ramsey","President","CLINTON","1505"
"548","Ramsey","President","TRUMP","3217"
"549","Ramsey","President","JOHNSON","405"
"550","Ramsey","President","STEIN","44"
"551","Ramsey","President","DE LA FUENTE","5"
"552","Ramsey","President","CASTLE","43"
"553","Ramsey","President","TOTALS","5305"
"554","Ransom","President","write-in ","37"
"555","Ransom","President","CLINTON","838"
"556","Ransom","President","TRUMP","1210"
"557","Ransom","President","JOHNSON","247"
"558","Ransom","President","STEIN","22"
"559","Ransom","President","DE LA FUENTE","1"
"560","Ransom","President","CASTLE","4"
"561","Ransom","President","TOTALS","2359"
"562","Renville","President","write-in ","19"
"563","Renville","President","CLINTON","201"
"564","Renville","President","TRUMP","993"
"565","Renville","President","JOHNSON","71"
"566","Renville","President","STEIN","4"
"567","Renville","President","DE LA FUENTE","0"
"568","Renville","President","CASTLE","5"
"569","Renville","President","TOTALS","1293"
"570","Richland","President","write-in ","123"
"571","Richland","President","CLINTON","2064"
"572","Richland","President","TRUMP","4767"
"573","Richland","President","JOHNSON","493"
"574","Richland","President","STEIN","76"
"575","Richland","President","DE LA FUENTE","15"
"576","Richland","President","CASTLE","54"
"577","Richland","President","TOTALS","7592"
"578","Rolette","President","write-in ","83"
"579","Rolette","President","CLINTON","2099"
"580","Rolette","President","TRUMP","1217"
"581","Rolette","President","JOHNSON","156"
"582","Rolette","President","STEIN","175"
"583","Rolette","President","DE LA FUENTE","8"
"584","Rolette","President","CASTLE","17"
"585","Rolette","President","TOTALS","3755"
"586","Sargent","President","write-in ","17"
"587","Sargent","President","CLINTON","694"
"588","Sargent","President","TRUMP","1088"
"589","Sargent","President","JOHNSON","167"
"590","Sargent","President","STEIN","18"
"591","Sargent","President","DE LA FUENTE","7"
"592","Sargent","President","CASTLE","6"
"593","Sargent","President","TOTALS","1997"
"594","Sheridan","President","write-in ","6"
"595","Sheridan","President","CLINTON","95"
"596","Sheridan","President","TRUMP","650"
"597","Sheridan","President","JOHNSON","29"
"598","Sheridan","President","STEIN","1"
"599","Sheridan","President","DE LA FUENTE","0"
"600","Sheridan","President","CASTLE","6"
"601","Sheridan","President","TOTALS","787"
"602","Sioux","President","write-in ","52"
"603","Sioux","President","CLINTON","758"
"604","Sioux","President","TRUMP","260"
"605","Sioux","President","JOHNSON","25"
"606","Sioux","President","STEIN","128"
"607","Sioux","President","DE LA FUENTE","4"
"608","Sioux","President","CASTLE","5"
"609","Sioux","President","TOTALS","1232"
"610","Slope","President","write-in ","1"
"611","Slope","President","CLINTON","43"
"612","Slope","President","TRUMP","362"
"613","Slope","President","JOHNSON","19"
"614","Slope","President","STEIN","3"
"615","Slope","President","DE LA FUENTE","0"
"616","Slope","President","CASTLE","2"
"617","Slope","President","TOTALS","430"
"618","Stark","President","write-in ","158"
"619","Stark","President","CLINTON","1753"
"620","Stark","President","TRUMP","9755"
"621","Stark","President","JOHNSON","526"
"622","Stark","President","STEIN","60"
"623","Stark","President","DE LA FUENTE","7"
"624","Stark","President","CASTLE","63"
"625","Stark","President","TOTALS","12322"
"626","Steele","President","write-in ","12"
"627","Steele","President","CLINTON","361"
"628","Steele","President","TRUMP","538"
"629","Steele","President","JOHNSON","75"
"630","Steele","President","STEIN","6"
"631","Steele","President","DE LA FUENTE","0"
"632","Steele","President","CASTLE","7"
"633","Steele","President","TOTALS","999"
"634","Stutsman","President","write-in ","188"
"635","Stutsman","President","CLINTON","2498"
"636","Stutsman","President","TRUMP","6718"
"637","Stutsman","President","JOHNSON","574"
"638","Stutsman","President","STEIN","109"
"639","Stutsman","President","DE LA FUENTE","13"
"640","Stutsman","President","CASTLE","55"
"641","Stutsman","President","TOTALS","10155"
"642","Towner","President","write-in ","19"
"643","Towner","President","CLINTON","305"
"644","Towner","President","TRUMP","733"
"645","Towner","President","JOHNSON","90"
"646","Towner","President","STEIN","7"
"647","Towner","President","DE LA FUENTE","0"
"648","Towner","President","CASTLE","3"
"649","Towner","President","TOTALS","1157"
"650","Traill","President","write-in ","62"
"651","Traill","President","CLINTON","1241"
"652","Traill","President","TRUMP","2265"
"653","Traill","President","JOHNSON","292"
"654","Traill","President","STEIN","35"
"655","Traill","President","DE LA FUENTE","2"
"656","Traill","President","CASTLE","36"
"657","Traill","President","TOTALS","3933"
"658","Walsh","President","write-in ","88"
"659","Walsh","President","CLINTON","1167"
"660","Walsh","President","TRUMP","2995"
"661","Walsh","President","JOHNSON","330"
"662","Walsh","President","STEIN","32"
"663","Walsh","President","DE LA FUENTE","1"
"664","Walsh","President","CASTLE","23"
"665","Walsh","President","TOTALS","4636"
"666","Ward","President","write-in ","496"
"667","Ward","President","CLINTON","5806"
"668","Ward","President","TRUMP","18636"
"669","Ward","President","JOHNSON","2055"
"670","Ward","President","STEIN","242"
"671","Ward","President","DE LA FUENTE","25"
"672","Ward","President","CASTLE","152"
"673","Ward","President","TOTALS","27412"
"674","Wells","President","write-in ","28"
"675","Wells","President","CLINTON","419"
"676","Wells","President","TRUMP","1796"
"677","Wells","President","JOHNSON","101"
"678","Wells","President","STEIN","14"
"679","Wells","President","DE LA FUENTE","2"
"680","Wells","President","CASTLE","23"
"681","Wells","President","TOTALS","2383"
"682","Williams","President","write-in ","219"
"683","Williams","President","CLINTON","1735"
"684","Williams","President","TRUMP","10069"
"685","Williams","President","JOHNSON","631"
"686","Williams","President","STEIN","74"
"687","Williams","President","DE LA FUENTE","5"
"688","Williams","President","CASTLE","74"
"689","Williams","President","TOTALS","12807"
"690","Adams","State Auditor","write-in ","1"
"691","Adams","State Auditor","Roland  Riemers","163"
"692","Adams","State Auditor","Josh Gallion","974"
"693","Adams","State Auditor","TOTALS","1138"
"694","Barnes","State Auditor","write-in ","22"
"695","Barnes","State Auditor","Roland  Riemers","1180"
"696","Barnes","State Auditor","Josh Gallion","3614"
"697","Barnes","State Auditor","TOTALS","4816"
"698","Benson","State Auditor","write-in ","9"
"699","Benson","State Auditor","Roland  Riemers","668"
"700","Benson","State Auditor","Josh Gallion","1143"
"701","Benson","State Auditor","TOTALS","1820"
"702","Billings","State Auditor","write-in ","0"
"703","Billings","State Auditor","Roland  Riemers","67"
"704","Billings","State Auditor","Josh Gallion","509"
"705","Billings","State Auditor","TOTALS","576"
"706","Bottineau","State Auditor","write-in ","6"
"707","Bottineau","State Auditor","Roland  Riemers","614"
"708","Bottineau","State Auditor","Josh Gallion","2592"
"709","Bottineau","State Auditor","TOTALS","3212"
"710","Bowman","State Auditor","write-in ","2"
"711","Bowman","State Auditor","Roland  Riemers","237"
"712","Bowman","State Auditor","Josh Gallion","1431"
"713","Bowman","State Auditor","TOTALS","1670"
"714","Burke","State Auditor","write-in ","1"
"715","Burke","State Auditor","Roland  Riemers","112"
"716","Burke","State Auditor","Josh Gallion","857"
"717","Burke","State Auditor","TOTALS","970"
"718","Burleigh","State Auditor","write-in ","208"
"719","Burleigh","State Auditor","Roland  Riemers","8747"
"720","Burleigh","State Auditor","Josh Gallion","34551"
"721","Burleigh","State Auditor","TOTALS","43506"
"722","Cass","State Auditor","write-in ","429"
"723","Cass","State Auditor","Roland  Riemers","20477"
"724","Cass","State Auditor","Josh Gallion","50030"
"725","Cass","State Auditor","TOTALS","70936"
"726","Cavalier","State Auditor","write-in ","3"
"727","Cavalier","State Auditor","Roland  Riemers","352"
"728","Cavalier","State Auditor","Josh Gallion","1428"
"729","Cavalier","State Auditor","TOTALS","1783"
"730","Dickey","State Auditor","write-in ","3"
"731","Dickey","State Auditor","Roland  Riemers","392"
"732","Dickey","State Auditor","Josh Gallion","1804"
"733","Dickey","State Auditor","TOTALS","2199"
"734","Divide","State Auditor","write-in ","2"
"735","Divide","State Auditor","Roland  Riemers","185"
"736","Divide","State Auditor","Josh Gallion","899"
"737","Divide","State Auditor","TOTALS","1086"
"738","Dunn","State Auditor","write-in ","9"
"739","Dunn","State Auditor","Roland  Riemers","352"
"740","Dunn","State Auditor","Josh Gallion","1702"
"741","Dunn","State Auditor","TOTALS","2063"
"742","Eddy","State Auditor","write-in ","7"
"743","Eddy","State Auditor","Roland  Riemers","268"
"744","Eddy","State Auditor","Josh Gallion","826"
"745","Eddy","State Auditor","TOTALS","1101"
"746","Emmons","State Auditor","write-in ","1"
"747","Emmons","State Auditor","Roland  Riemers","254"
"748","Emmons","State Auditor","Josh Gallion","1575"
"749","Emmons","State Auditor","TOTALS","1830"
"750","Foster","State Auditor","write-in ","3"
"751","Foster","State Auditor","Roland  Riemers","342"
"752","Foster","State Auditor","Josh Gallion","1243"
"753","Foster","State Auditor","TOTALS","1588"
"754","Golden Valley","State Auditor","write-in ","0"
"755","Golden Valley","State Auditor","Roland  Riemers","145"
"756","Golden Valley","State Auditor","Josh Gallion","753"
"757","Golden Valley","State Auditor","TOTALS","898"
"758","Grand Forks","State Auditor","write-in ","183"
"759","Grand Forks","State Auditor","Roland  Riemers","5678"
"760","Grand Forks","State Auditor","Josh Gallion","20230"
"761","Grand Forks","State Auditor","TOTALS","26091"
"762","Grant","State Auditor","write-in ","1"
"763","Grant","State Auditor","Roland  Riemers","201"
"764","Grant","State Auditor","Josh Gallion","1110"
"765","Grant","State Auditor","TOTALS","1312"
"766","Griggs","State Auditor","write-in ","2"
"767","Griggs","State Auditor","Roland  Riemers","239"
"768","Griggs","State Auditor","Josh Gallion","914"
"769","Griggs","State Auditor","TOTALS","1155"
"770","Hettinger","State Auditor","write-in ","2"
"771","Hettinger","State Auditor","Roland  Riemers","174"
"772","Hettinger","State Auditor","Josh Gallion","1017"
"773","Hettinger","State Auditor","TOTALS","1193"
"774","Kidder","State Auditor","write-in ","3"
"775","Kidder","State Auditor","Roland  Riemers","210"
"776","Kidder","State Auditor","Josh Gallion","1037"
"777","Kidder","State Auditor","TOTALS","1250"
"778","LaMoure","State Auditor","write-in ","8"
"779","LaMoure","State Auditor","Roland  Riemers","396"
"780","LaMoure","State Auditor","Josh Gallion","1555"
"781","LaMoure","State Auditor","TOTALS","1959"
"782","Logan","State Auditor","write-in ","1"
"783","Logan","State Auditor","Roland  Riemers","149"
"784","Logan","State Auditor","Josh Gallion","829"
"785","Logan","State Auditor","TOTALS","979"
"786","McHenry","State Auditor","write-in ","7"
"787","McHenry","State Auditor","Roland  Riemers","524"
"788","McHenry","State Auditor","Josh Gallion","2098"
"789","McHenry","State Auditor","TOTALS","2629"
"790","McIntosh","State Auditor","write-in ","2"
"791","McIntosh","State Auditor","Roland  Riemers","198"
"792","McIntosh","State Auditor","Josh Gallion","1146"
"793","McIntosh","State Auditor","TOTALS","1346"
"794","McKenzie","State Auditor","write-in ","12"
"795","McKenzie","State Auditor","Roland  Riemers","720"
"796","McKenzie","State Auditor","Josh Gallion","3538"
"797","McKenzie","State Auditor","TOTALS","4270"
"798","McLean","State Auditor","write-in ","19"
"799","McLean","State Auditor","Roland  Riemers","1102"
"800","McLean","State Auditor","Josh Gallion","3793"
"801","McLean","State Auditor","TOTALS","4914"
"802","Mercer","State Auditor","write-in ","11"
"803","Mercer","State Auditor","Roland  Riemers","553"
"804","Mercer","State Auditor","Josh Gallion","3861"
"805","Mercer","State Auditor","TOTALS","4425"
"806","Morton","State Auditor","write-in ","67"
"807","Morton","State Auditor","Roland  Riemers","2987"
"808","Morton","State Auditor","Josh Gallion","11293"
"809","Morton","State Auditor","TOTALS","14347"
"810","Mountrail","State Auditor","write-in ","18"
"811","Mountrail","State Auditor","Roland  Riemers","1125"
"812","Mountrail","State Auditor","Josh Gallion","2655"
"813","Mountrail","State Auditor","TOTALS","3798"
"814","Nelson","State Auditor","write-in ","7"
"815","Nelson","State Auditor","Roland  Riemers","299"
"816","Nelson","State Auditor","Josh Gallion","1245"
"817","Nelson","State Auditor","TOTALS","1551"
"818","Oliver","State Auditor","write-in ","1"
"819","Oliver","State Auditor","Roland  Riemers","146"
"820","Oliver","State Auditor","Josh Gallion","821"
"821","Oliver","State Auditor","TOTALS","968"
"822","Pembina","State Auditor","write-in ","9"
"823","Pembina","State Auditor","Roland  Riemers","560"
"824","Pembina","State Auditor","Josh Gallion","2377"
"825","Pembina","State Auditor","TOTALS","2946"
"826","Pierce","State Auditor","write-in ","5"
"827","Pierce","State Auditor","Roland  Riemers","377"
"828","Pierce","State Auditor","Josh Gallion","1524"
"829","Pierce","State Auditor","TOTALS","1906"
"830","Ramsey","State Auditor","write-in ","20"
"831","Ramsey","State Auditor","Roland  Riemers","1139"
"832","Ramsey","State Auditor","Josh Gallion","3746"
"833","Ramsey","State Auditor","TOTALS","4905"
"834","Ransom","State Auditor","write-in ","7"
"835","Ransom","State Auditor","Roland  Riemers","629"
"836","Ransom","State Auditor","Josh Gallion","1484"
"837","Ransom","State Auditor","TOTALS","2120"
"838","Renville","State Auditor","write-in ","2"
"839","Renville","State Auditor","Roland  Riemers","181"
"840","Renville","State Auditor","Josh Gallion","1001"
"841","Renville","State Auditor","TOTALS","1184"
"842","Richland","State Auditor","write-in ","21"
"843","Richland","State Auditor","Roland  Riemers","1689"
"844","Richland","State Auditor","Josh Gallion","5116"
"845","Richland","State Auditor","TOTALS","6826"
"846","Rolette","State Auditor","write-in ","21"
"847","Rolette","State Auditor","Roland  Riemers","1808"
"848","Rolette","State Auditor","Josh Gallion","1466"
"849","Rolette","State Auditor","TOTALS","3295"
"850","Sargent","State Auditor","write-in ","8"
"851","Sargent","State Auditor","Roland  Riemers","488"
"852","Sargent","State Auditor","Josh Gallion","1269"
"853","Sargent","State Auditor","TOTALS","1765"
"854","Sheridan","State Auditor","write-in ","0"
"855","Sheridan","State Auditor","Roland  Riemers","112"
"856","Sheridan","State Auditor","Josh Gallion","626"
"857","Sheridan","State Auditor","TOTALS","738"
"858","Sioux","State Auditor","write-in ","21"
"859","Sioux","State Auditor","Roland  Riemers","667"
"860","Sioux","State Auditor","Josh Gallion","364"
"861","Sioux","State Auditor","TOTALS","1052"
"862","Slope","State Auditor","write-in ","1"
"863","Slope","State Auditor","Roland  Riemers","57"
"864","Slope","State Auditor","Josh Gallion","342"
"865","Slope","State Auditor","TOTALS","400"
"866","Stark","State Auditor","write-in ","32"
"867","Stark","State Auditor","Roland  Riemers","1699"
"868","Stark","State Auditor","Josh Gallion","9499"
"869","Stark","State Auditor","TOTALS","11230"
"870","Steele","State Auditor","write-in ","2"
"871","Steele","State Auditor","Roland  Riemers","255"
"872","Steele","State Auditor","Josh Gallion","676"
"873","Steele","State Auditor","TOTALS","933"
"874","Stutsman","State Auditor","write-in ","28"
"875","Stutsman","State Auditor","Roland  Riemers","2228"
"876","Stutsman","State Auditor","Josh Gallion","6391"
"877","Stutsman","State Auditor","TOTALS","8647"
"878","Towner","State Auditor","write-in ","3"
"879","Towner","State Auditor","Roland  Riemers","230"
"880","Towner","State Auditor","Josh Gallion","817"
"881","Towner","State Auditor","TOTALS","1050"
"882","Traill","State Auditor","write-in ","20"
"883","Traill","State Auditor","Roland  Riemers","801"
"884","Traill","State Auditor","Josh Gallion","2783"
"885","Traill","State Auditor","TOTALS","3604"
"886","Walsh","State Auditor","write-in ","15"
"887","Walsh","State Auditor","Roland  Riemers","886"
"888","Walsh","State Auditor","Josh Gallion","3350"
"889","Walsh","State Auditor","TOTALS","4251"
"890","Ward","State Auditor","write-in ","108"
"891","Ward","State Auditor","Roland  Riemers","5573"
"892","Ward","State Auditor","Josh Gallion","19294"
"893","Ward","State Auditor","TOTALS","24975"
"894","Wells","State Auditor","write-in ","3"
"895","Wells","State Auditor","Roland  Riemers","392"
"896","Wells","State Auditor","Josh Gallion","1798"
"897","Wells","State Auditor","TOTALS","2193"
"898","Williams","State Auditor","write-in ","47"
"899","Williams","State Auditor","Roland  Riemers","1791"
"900","Williams","State Auditor","Josh Gallion","9755"
"901","Williams","State Auditor","TOTALS","11593"
"902","Adams","State Treasurer","write-in ","0"
"903","Adams","State Treasurer","Eric  Olson ","78"
"904","Adams","State Treasurer","Kelly L Schmidt ","874"
"905","Adams","State Treasurer","Tim  Mathern ","216"
"906","Adams","State Treasurer","TOTALS","1168"
"907","Barnes","State Treasurer","write-in ","8"
"908","Barnes","State Treasurer","Eric  Olson ","357"
"909","Barnes","State Treasurer","Kelly L Schmidt ","3058"
"910","Barnes","State Treasurer","Tim  Mathern ","1688"
"911","Barnes","State Treasurer","TOTALS","5111"
"912","Benson","State Treasurer","write-in ","3"
"913","Benson","State Treasurer","Eric  Olson ","177"
"914","Benson","State Treasurer","Kelly L Schmidt ","911"
"915","Benson","State Treasurer","Tim  Mathern ","864"
"916","Benson","State Treasurer","TOTALS","1955"
"917","Billings","State Treasurer","write-in ","0"
"918","Billings","State Treasurer","Eric  Olson ","39"
"919","Billings","State Treasurer","Kelly L Schmidt ","483"
"920","Billings","State Treasurer","Tim  Mathern ","68"
"921","Billings","State Treasurer","TOTALS","590"
"922","Bottineau","State Treasurer","write-in ","3"
"923","Bottineau","State Treasurer","Eric  Olson ","224"
"924","Bottineau","State Treasurer","Kelly L Schmidt ","2338"
"925","Bottineau","State Treasurer","Tim  Mathern ","802"
"926","Bottineau","State Treasurer","TOTALS","3367"
"927","Bowman","State Treasurer","write-in ","1"
"928","Bowman","State Treasurer","Eric  Olson ","88"
"929","Bowman","State Treasurer","Kelly L Schmidt ","1342"
"930","Bowman","State Treasurer","Tim  Mathern ","273"
"931","Bowman","State Treasurer","TOTALS","1704"
"932","Burke","State Treasurer","write-in ","1"
"933","Burke","State Treasurer","Eric  Olson ","50"
"934","Burke","State Treasurer","Kelly L Schmidt ","807"
"935","Burke","State Treasurer","Tim  Mathern ","146"
"936","Burke","State Treasurer","TOTALS","1004"
"937","Burleigh","State Treasurer","write-in ","74"
"938","Burleigh","State Treasurer","Eric  Olson ","3426"
"939","Burleigh","State Treasurer","Kelly L Schmidt ","30588"
"940","Burleigh","State Treasurer","Tim  Mathern ","11316"
"941","Burleigh","State Treasurer","TOTALS","45404"
"942","Cass","State Treasurer","write-in ","134"
"943","Cass","State Treasurer","Eric  Olson ","6196"
"944","Cass","State Treasurer","Kelly L Schmidt ","39605"
"945","Cass","State Treasurer","Tim  Mathern ","29708"
"946","Cass","State Treasurer","TOTALS","75643"
"947","Cavalier","State Treasurer","write-in ","1"
"948","Cavalier","State Treasurer","Eric  Olson ","118"
"949","Cavalier","State Treasurer","Kelly L Schmidt ","1222"
"950","Cavalier","State Treasurer","Tim  Mathern ","548"
"951","Cavalier","State Treasurer","TOTALS","1889"
"952","Dickey","State Treasurer","write-in ","2"
"953","Dickey","State Treasurer","Eric  Olson ","98"
"954","Dickey","State Treasurer","Kelly L Schmidt ","1604"
"955","Dickey","State Treasurer","Tim  Mathern ","640"
"956","Dickey","State Treasurer","TOTALS","2344"
"957","Divide","State Treasurer","write-in ","1"
"958","Divide","State Treasurer","Eric  Olson ","69"
"959","Divide","State Treasurer","Kelly L Schmidt ","825"
"960","Divide","State Treasurer","Tim  Mathern ","262"
"961","Divide","State Treasurer","TOTALS","1157"
"962","Dunn","State Treasurer","write-in ","1"
"963","Dunn","State Treasurer","Eric  Olson ","112"
"964","Dunn","State Treasurer","Kelly L Schmidt ","1642"
"965","Dunn","State Treasurer","Tim  Mathern ","400"
"966","Dunn","State Treasurer","TOTALS","2155"
"967","Eddy","State Treasurer","write-in ","0"
"968","Eddy","State Treasurer","Eric  Olson ","92"
"969","Eddy","State Treasurer","Kelly L Schmidt ","710"
"970","Eddy","State Treasurer","Tim  Mathern ","376"
"971","Eddy","State Treasurer","TOTALS","1178"
"972","Emmons","State Treasurer","write-in ","3"
"973","Emmons","State Treasurer","Eric  Olson ","103"
"974","Emmons","State Treasurer","Kelly L Schmidt ","1486"
"975","Emmons","State Treasurer","Tim  Mathern ","317"
"976","Emmons","State Treasurer","TOTALS","1909"
"977","Foster","State Treasurer","write-in ","1"
"978","Foster","State Treasurer","Eric  Olson ","103"
"979","Foster","State Treasurer","Kelly L Schmidt ","1131"
"980","Foster","State Treasurer","Tim  Mathern ","421"
"981","Foster","State Treasurer","TOTALS","1656"
"982","Golden Valley","State Treasurer","write-in ","2"
"983","Golden Valley","State Treasurer","Eric  Olson ","59"
"984","Golden Valley","State Treasurer","Kelly L Schmidt ","732"
"985","Golden Valley","State Treasurer","Tim  Mathern ","119"
"986","Golden Valley","State Treasurer","TOTALS","912"
"987","Grand Forks","State Treasurer","write-in ","42"
"988","Grand Forks","State Treasurer","Eric  Olson ","2101"
"989","Grand Forks","State Treasurer","Kelly L Schmidt ","15902"
"990","Grand Forks","State Treasurer","Tim  Mathern ","9650"
"991","Grand Forks","State Treasurer","TOTALS","27695"
"992","Grant","State Treasurer","write-in ","0"
"993","Grant","State Treasurer","Eric  Olson ","77"
"994","Grant","State Treasurer","Kelly L Schmidt ","1074"
"995","Grant","State Treasurer","Tim  Mathern ","209"
"996","Grant","State Treasurer","TOTALS","1360"
"997","Griggs","State Treasurer","write-in ","2"
"998","Griggs","State Treasurer","Eric  Olson ","76"
"999","Griggs","State Treasurer","Kelly L Schmidt ","763"
"1000","Griggs","State Treasurer","Tim  Mathern ","384"
"1001","Griggs","State Treasurer","TOTALS","1225"
"1002","Hettinger","State Treasurer","write-in ","3"
"1003","Hettinger","State Treasurer","Eric  Olson ","91"
"1004","Hettinger","State Treasurer","Kelly L Schmidt ","938"
"1005","Hettinger","State Treasurer","Tim  Mathern ","207"
"1006","Hettinger","State Treasurer","TOTALS","1239"
"1007","Kidder","State Treasurer","write-in ","2"
"1008","Kidder","State Treasurer","Eric  Olson ","99"
"1009","Kidder","State Treasurer","Kelly L Schmidt ","979"
"1010","Kidder","State Treasurer","Tim  Mathern ","245"
"1011","Kidder","State Treasurer","TOTALS","1325"
"1012","LaMoure","State Treasurer","write-in ","0"
"1013","LaMoure","State Treasurer","Eric  Olson ","92"
"1014","LaMoure","State Treasurer","Kelly L Schmidt ","1326"
"1015","LaMoure","State Treasurer","Tim  Mathern ","695"
"1016","LaMoure","State Treasurer","TOTALS","2113"
"1017","Logan","State Treasurer","write-in ","0"
"1018","Logan","State Treasurer","Eric  Olson ","57"
"1019","Logan","State Treasurer","Kelly L Schmidt ","777"
"1020","Logan","State Treasurer","Tim  Mathern ","204"
"1021","Logan","State Treasurer","TOTALS","1038"
"1022","McHenry","State Treasurer","write-in ","4"
"1023","McHenry","State Treasurer","Eric  Olson ","200"
"1024","McHenry","State Treasurer","Kelly L Schmidt ","1889"
"1025","McHenry","State Treasurer","Tim  Mathern ","656"
"1026","McHenry","State Treasurer","TOTALS","2749"
"1027","McIntosh","State Treasurer","write-in ","0"
"1028","McIntosh","State Treasurer","Eric  Olson ","64"
"1029","McIntosh","State Treasurer","Kelly L Schmidt ","1057"
"1030","McIntosh","State Treasurer","Tim  Mathern ","287"
"1031","McIntosh","State Treasurer","TOTALS","1408"
"1032","McKenzie","State Treasurer","write-in ","12"
"1033","McKenzie","State Treasurer","Eric  Olson ","331"
"1034","McKenzie","State Treasurer","Kelly L Schmidt ","3351"
"1035","McKenzie","State Treasurer","Tim  Mathern ","698"
"1036","McKenzie","State Treasurer","TOTALS","4392"
"1037","McLean","State Treasurer","write-in ","11"
"1038","McLean","State Treasurer","Eric  Olson ","362"
"1039","McLean","State Treasurer","Kelly L Schmidt ","3470"
"1040","McLean","State Treasurer","Tim  Mathern ","1299"
"1041","McLean","State Treasurer","TOTALS","5142"
"1042","Mercer","State Treasurer","write-in ","8"
"1043","Mercer","State Treasurer","Eric  Olson ","222"
"1044","Mercer","State Treasurer","Kelly L Schmidt ","3376"
"1045","Mercer","State Treasurer","Tim  Mathern ","897"
"1046","Mercer","State Treasurer","TOTALS","4503"
"1047","Morton","State Treasurer","write-in ","22"
"1048","Morton","State Treasurer","Eric  Olson ","1184"
"1049","Morton","State Treasurer","Kelly L Schmidt ","10396"
"1050","Morton","State Treasurer","Tim  Mathern ","3373"
"1051","Morton","State Treasurer","TOTALS","14975"
"1052","Mountrail","State Treasurer","write-in ","4"
"1053","Mountrail","State Treasurer","Eric  Olson ","294"
"1054","Mountrail","State Treasurer","Kelly L Schmidt ","2412"
"1055","Mountrail","State Treasurer","Tim  Mathern ","1249"
"1056","Mountrail","State Treasurer","TOTALS","3959"
"1057","Nelson","State Treasurer","write-in ","2"
"1058","Nelson","State Treasurer","Eric  Olson ","120"
"1059","Nelson","State Treasurer","Kelly L Schmidt ","1038"
"1060","Nelson","State Treasurer","Tim  Mathern ","504"
"1061","Nelson","State Treasurer","TOTALS","1664"
"1062","Oliver","State Treasurer","write-in ","1"
"1063","Oliver","State Treasurer","Eric  Olson ","55"
"1064","Oliver","State Treasurer","Kelly L Schmidt ","761"
"1065","Oliver","State Treasurer","Tim  Mathern ","175"
"1066","Oliver","State Treasurer","TOTALS","992"
"1067","Pembina","State Treasurer","write-in ","2"
"1068","Pembina","State Treasurer","Eric  Olson ","230"
"1069","Pembina","State Treasurer","Kelly L Schmidt ","2021"
"1070","Pembina","State Treasurer","Tim  Mathern ","793"
"1071","Pembina","State Treasurer","TOTALS","3046"
"1072","Pierce","State Treasurer","write-in ","0"
"1073","Pierce","State Treasurer","Eric  Olson ","129"
"1074","Pierce","State Treasurer","Kelly L Schmidt ","1345"
"1075","Pierce","State Treasurer","Tim  Mathern ","530"
"1076","Pierce","State Treasurer","TOTALS","2004"
"1077","Ramsey","State Treasurer","write-in ","8"
"1078","Ramsey","State Treasurer","Eric  Olson ","419"
"1079","Ramsey","State Treasurer","Kelly L Schmidt ","3243"
"1080","Ramsey","State Treasurer","Tim  Mathern ","1488"
"1081","Ramsey","State Treasurer","TOTALS","5158"
"1082","Ransom","State Treasurer","write-in ","2"
"1083","Ransom","State Treasurer","Eric  Olson ","161"
"1084","Ransom","State Treasurer","Kelly L Schmidt ","1130"
"1085","Ransom","State Treasurer","Tim  Mathern ","980"
"1086","Ransom","State Treasurer","TOTALS","2273"
"1087","Renville","State Treasurer","write-in ","0"
"1088","Renville","State Treasurer","Eric  Olson ","73"
"1089","Renville","State Treasurer","Kelly L Schmidt ","896"
"1090","Renville","State Treasurer","Tim  Mathern ","259"
"1091","Renville","State Treasurer","TOTALS","1228"
"1092","Richland","State Treasurer","write-in ","8"
"1093","Richland","State Treasurer","Eric  Olson ","538"
"1094","Richland","State Treasurer","Kelly L Schmidt ","4444"
"1095","Richland","State Treasurer","Tim  Mathern ","2200"
"1096","Richland","State Treasurer","TOTALS","7190"
"1097","Rolette","State Treasurer","write-in ","4"
"1098","Rolette","State Treasurer","Eric  Olson ","339"
"1099","Rolette","State Treasurer","Kelly L Schmidt ","1099"
"1100","Rolette","State Treasurer","Tim  Mathern ","2181"
"1101","Rolette","State Treasurer","TOTALS","3623"
"1102","Sargent","State Treasurer","write-in ","3"
"1103","Sargent","State Treasurer","Eric  Olson ","147"
"1104","Sargent","State Treasurer","Kelly L Schmidt ","941"
"1105","Sargent","State Treasurer","Tim  Mathern ","849"
"1106","Sargent","State Treasurer","TOTALS","1940"
"1107","Sheridan","State Treasurer","write-in ","0"
"1108","Sheridan","State Treasurer","Eric  Olson ","46"
"1109","Sheridan","State Treasurer","Kelly L Schmidt ","604"
"1110","Sheridan","State Treasurer","Tim  Mathern ","113"
"1111","Sheridan","State Treasurer","TOTALS","763"
"1112","Sioux","State Treasurer","write-in ","6"
"1113","Sioux","State Treasurer","Eric  Olson ","127"
"1114","Sioux","State Treasurer","Kelly L Schmidt ","308"
"1115","Sioux","State Treasurer","Tim  Mathern ","731"
"1116","Sioux","State Treasurer","TOTALS","1172"
"1117","Slope","State Treasurer","write-in ","1"
"1118","Slope","State Treasurer","Eric  Olson ","19"
"1119","Slope","State Treasurer","Kelly L Schmidt ","331"
"1120","Slope","State Treasurer","Tim  Mathern ","61"
"1121","Slope","State Treasurer","TOTALS","412"
"1122","Stark","State Treasurer","write-in ","12"
"1123","Stark","State Treasurer","Eric  Olson ","754"
"1124","Stark","State Treasurer","Kelly L Schmidt ","8979"
"1125","Stark","State Treasurer","Tim  Mathern ","1857"
"1126","Stark","State Treasurer","TOTALS","11602"
"1127","Steele","State Treasurer","write-in ","0"
"1128","Steele","State Treasurer","Eric  Olson ","58"
"1129","Steele","State Treasurer","Kelly L Schmidt ","573"
"1130","Steele","State Treasurer","Tim  Mathern ","359"
"1131","Steele","State Treasurer","TOTALS","990"
"1132","Stutsman","State Treasurer","write-in ","10"
"1133","Stutsman","State Treasurer","Eric  Olson ","735"
"1134","Stutsman","State Treasurer","Kelly L Schmidt ","5817"
"1135","Stutsman","State Treasurer","Tim  Mathern ","2684"
"1136","Stutsman","State Treasurer","TOTALS","9246"
"1137","Towner","State Treasurer","write-in ","1"
"1138","Towner","State Treasurer","Eric  Olson ","83"
"1139","Towner","State Treasurer","Kelly L Schmidt ","663"
"1140","Towner","State Treasurer","Tim  Mathern ","355"
"1141","Towner","State Treasurer","TOTALS","1102"
"1142","Traill","State Treasurer","write-in ","3"
"1143","Traill","State Treasurer","Eric  Olson ","279"
"1144","Traill","State Treasurer","Kelly L Schmidt ","2217"
"1145","Traill","State Treasurer","Tim  Mathern ","1291"
"1146","Traill","State Treasurer","TOTALS","3790"
"1147","Walsh","State Treasurer","write-in ","5"
"1148","Walsh","State Treasurer","Eric  Olson ","348"
"1149","Walsh","State Treasurer","Kelly L Schmidt ","2778"
"1150","Walsh","State Treasurer","Tim  Mathern ","1327"
"1151","Walsh","State Treasurer","TOTALS","4458"
"1152","Ward","State Treasurer","write-in ","57"
"1153","Ward","State Treasurer","Eric  Olson ","2361"
"1154","Ward","State Treasurer","Kelly L Schmidt ","17593"
"1155","Ward","State Treasurer","Tim  Mathern ","5998"
"1156","Ward","State Treasurer","TOTALS","26009"
"1157","Wells","State Treasurer","write-in ","1"
"1158","Wells","State Treasurer","Eric  Olson ","147"
"1159","Wells","State Treasurer","Kelly L Schmidt ","1678"
"1160","Wells","State Treasurer","Tim  Mathern ","466"
"1161","Wells","State Treasurer","TOTALS","2292"
"1162","Williams","State Treasurer","write-in ","20"
"1163","Williams","State Treasurer","Eric  Olson ","1022"
"1164","Williams","State Treasurer","Kelly L Schmidt ","9206"
"1165","Williams","State Treasurer","Tim  Mathern ","1773"
"1166","Williams","State Treasurer","TOTALS","12021"
"1167","Adams","Us House","write-in ","0"
"1168","Adams","Us House","Jack  Seaman","58"
"1169","Adams","Us House","Kevin  Cramer ","1003"
"1170","Adams","Us House","Chase  Iron Eyes ","151"
"1171","Adams","Us House","TOTALS","1212"
"1172","Barnes","Us House","write-in ","8"
"1173","Barnes","Us House","Jack  Seaman","337"
"1174","Barnes","Us House","Kevin  Cramer ","3401"
"1175","Barnes","Us House","Chase  Iron Eyes ","1538"
"1176","Barnes","Us House","TOTALS","5284"
"1177","Benson","Us House","write-in ","3"
"1178","Benson","Us House","Jack  Seaman","98"
"1179","Benson","Us House","Kevin  Cramer ","1053"
"1180","Benson","Us House","Chase  Iron Eyes ","857"
"1181","Benson","Us House","TOTALS","2011"
"1182","Billings","Us House","write-in ","2"
"1183","Billings","Us House","Jack  Seaman","25"
"1184","Billings","Us House","Kevin  Cramer ","505"
"1185","Billings","Us House","Chase  Iron Eyes ","68"
"1186","Billings","Us House","TOTALS","600"
"1187","Bottineau","Us House","write-in ","0"
"1188","Bottineau","Us House","Jack  Seaman","214"
"1189","Bottineau","Us House","Kevin  Cramer ","2672"
"1190","Bottineau","Us House","Chase  Iron Eyes ","578"
"1191","Bottineau","Us House","TOTALS","3464"
"1192","Bowman","Us House","write-in ","1"
"1193","Bowman","Us House","Jack  Seaman","97"
"1194","Bowman","Us House","Kevin  Cramer ","1502"
"1195","Bowman","Us House","Chase  Iron Eyes ","177"
"1196","Bowman","Us House","TOTALS","1777"
"1197","Burke","Us House","write-in ","1"
"1198","Burke","Us House","Jack  Seaman","43"
"1199","Burke","Us House","Kevin  Cramer ","910"
"1200","Burke","Us House","Chase  Iron Eyes ","90"
"1201","Burke","Us House","TOTALS","1044"
"1202","Burleigh","Us House","write-in ","100"
"1203","Burleigh","Us House","Jack  Seaman","3044"
"1204","Burleigh","Us House","Kevin  Cramer ","34413"
"1205","Burleigh","Us House","Chase  Iron Eyes ","9863"
"1206","Burleigh","Us House","TOTALS","47420"
"1207","Cass","Us House","write-in ","197"
"1208","Cass","Us House","Jack  Seaman","7578"
"1209","Cass","Us House","Kevin  Cramer ","45714"
"1210","Cass","Us House","Chase  Iron Eyes ","25133"
"1211","Cass","Us House","TOTALS","78622"
"1212","Cavalier","Us House","write-in ","4"
"1213","Cavalier","Us House","Jack  Seaman","102"
"1214","Cavalier","Us House","Kevin  Cramer ","1528"
"1215","Cavalier","Us House","Chase  Iron Eyes ","367"
"1216","Cavalier","Us House","TOTALS","2001"
"1217","Dickey","Us House","write-in ","2"
"1218","Dickey","Us House","Jack  Seaman","110"
"1219","Dickey","Us House","Kevin  Cramer ","1801"
"1220","Dickey","Us House","Chase  Iron Eyes ","495"
"1221","Dickey","Us House","TOTALS","2408"
"1222","Divide","Us House","write-in ","1"
"1223","Divide","Us House","Jack  Seaman","79"
"1224","Divide","Us House","Kevin  Cramer ","935"
"1225","Divide","Us House","Chase  Iron Eyes ","203"
"1226","Divide","Us House","TOTALS","1218"
"1227","Dunn","Us House","write-in ","1"
"1228","Dunn","Us House","Jack  Seaman","78"
"1229","Dunn","Us House","Kevin  Cramer ","1757"
"1230","Dunn","Us House","Chase  Iron Eyes ","375"
"1231","Dunn","Us House","TOTALS","2211"
"1232","Eddy","Us House","write-in ","0"
"1233","Eddy","Us House","Jack  Seaman","84"
"1234","Eddy","Us House","Kevin  Cramer ","826"
"1235","Eddy","Us House","Chase  Iron Eyes ","308"
"1236","Eddy","Us House","TOTALS","1218"
"1237","Emmons","Us House","write-in ","4"
"1238","Emmons","Us House","Jack  Seaman","94"
"1239","Emmons","Us House","Kevin  Cramer ","1692"
"1240","Emmons","Us House","Chase  Iron Eyes ","179"
"1241","Emmons","Us House","TOTALS","1969"
"1242","Foster","Us House","write-in ","1"
"1243","Foster","Us House","Jack  Seaman","115"
"1244","Foster","Us House","Kevin  Cramer ","1339"
"1245","Foster","Us House","Chase  Iron Eyes ","263"
"1246","Foster","Us House","TOTALS","1718"
"1247","Golden Valley","Us House","write-in ","0"
"1248","Golden Valley","Us House","Jack  Seaman","46"
"1249","Golden Valley","Us House","Kevin  Cramer ","811"
"1250","Golden Valley","Us House","Chase  Iron Eyes ","96"
"1251","Golden Valley","Us House","TOTALS","953"
"1252","Grand Forks","Us House","write-in ","43"
"1253","Grand Forks","Us House","Jack  Seaman","1775"
"1254","Grand Forks","Us House","Kevin  Cramer ","18671"
"1255","Grand Forks","Us House","Chase  Iron Eyes ","8779"
"1256","Grand Forks","Us House","TOTALS","29268"
"1257","Grant","Us House","write-in ","3"
"1258","Grant","Us House","Jack  Seaman","50"
"1259","Grant","Us House","Kevin  Cramer ","1189"
"1260","Grant","Us House","Chase  Iron Eyes ","153"
"1261","Grant","Us House","TOTALS","1395"
"1262","Griggs","Us House","write-in ","4"
"1263","Griggs","Us House","Jack  Seaman","65"
"1264","Griggs","Us House","Kevin  Cramer ","916"
"1265","Griggs","Us House","Chase  Iron Eyes ","283"
"1266","Griggs","Us House","TOTALS","1268"
"1267","Hettinger","Us House","write-in ","0"
"1268","Hettinger","Us House","Jack  Seaman","77"
"1269","Hettinger","Us House","Kevin  Cramer ","1089"
"1270","Hettinger","Us House","Chase  Iron Eyes ","115"
"1271","Hettinger","Us House","TOTALS","1281"
"1272","Kidder","Us House","write-in ","2"
"1273","Kidder","Us House","Jack  Seaman","58"
"1274","Kidder","Us House","Kevin  Cramer ","1164"
"1275","Kidder","Us House","Chase  Iron Eyes ","152"
"1276","Kidder","Us House","TOTALS","1376"
"1277","LaMoure","Us House","write-in ","0"
"1278","LaMoure","Us House","Jack  Seaman","107"
"1279","LaMoure","Us House","Kevin  Cramer ","1578"
"1280","LaMoure","Us House","Chase  Iron Eyes ","467"
"1281","LaMoure","Us House","TOTALS","2152"
"1282","Logan","Us House","write-in ","3"
"1283","Logan","Us House","Jack  Seaman","52"
"1284","Logan","Us House","Kevin  Cramer ","929"
"1285","Logan","Us House","Chase  Iron Eyes ","102"
"1286","Logan","Us House","TOTALS","1086"
"1287","McHenry","Us House","write-in ","5"
"1288","McHenry","Us House","Jack  Seaman","164"
"1289","McHenry","Us House","Kevin  Cramer ","2217"
"1290","McHenry","Us House","Chase  Iron Eyes ","431"
"1291","McHenry","Us House","TOTALS","2817"
"1292","McIntosh","Us House","write-in ","2"
"1293","McIntosh","Us House","Jack  Seaman","65"
"1294","McIntosh","Us House","Kevin  Cramer ","1180"
"1295","McIntosh","Us House","Chase  Iron Eyes ","205"
"1296","McIntosh","Us House","TOTALS","1452"
"1297","McKenzie","Us House","write-in ","10"
"1298","McKenzie","Us House","Jack  Seaman","207"
"1299","McKenzie","Us House","Kevin  Cramer ","3610"
"1300","McKenzie","Us House","Chase  Iron Eyes ","752"
"1301","McKenzie","Us House","TOTALS","4579"
"1302","McLean","Us House","write-in ","4"
"1303","McLean","Us House","Jack  Seaman","261"
"1304","McLean","Us House","Kevin  Cramer ","3973"
"1305","McLean","Us House","Chase  Iron Eyes ","1048"
"1306","McLean","Us House","TOTALS","5286"
"1307","Mercer","Us House","write-in ","5"
"1308","Mercer","Us House","Jack  Seaman","205"
"1309","Mercer","Us House","Kevin  Cramer ","3806"
"1310","Mercer","Us House","Chase  Iron Eyes ","632"
"1311","Mercer","Us House","TOTALS","4648"
"1312","Morton","Us House","write-in ","23"
"1313","Morton","Us House","Jack  Seaman","1042"
"1314","Morton","Us House","Kevin  Cramer ","11741"
"1315","Morton","Us House","Chase  Iron Eyes ","2822"
"1316","Morton","Us House","TOTALS","15628"
"1317","Mountrail","Us House","write-in ","4"
"1318","Mountrail","Us House","Jack  Seaman","167"
"1319","Mountrail","Us House","Kevin  Cramer ","2570"
"1320","Mountrail","Us House","Chase  Iron Eyes ","1334"
"1321","Mountrail","Us House","TOTALS","4075"
"1322","Nelson","Us House","write-in ","2"
"1323","Nelson","Us House","Jack  Seaman","125"
"1324","Nelson","Us House","Kevin  Cramer ","1161"
"1325","Nelson","Us House","Chase  Iron Eyes ","437"
"1326","Nelson","Us House","TOTALS","1725"
"1327","Oliver","Us House","write-in ","1"
"1328","Oliver","Us House","Jack  Seaman","52"
"1329","Oliver","Us House","Kevin  Cramer ","852"
"1330","Oliver","Us House","Chase  Iron Eyes ","121"
"1331","Oliver","Us House","TOTALS","1026"
"1332","Pembina","Us House","write-in ","5"
"1333","Pembina","Us House","Jack  Seaman","186"
"1334","Pembina","Us House","Kevin  Cramer ","2390"
"1335","Pembina","Us House","Chase  Iron Eyes ","575"
"1336","Pembina","Us House","TOTALS","3156"
"1337","Pierce","Us House","write-in ","1"
"1338","Pierce","Us House","Jack  Seaman","91"
"1339","Pierce","Us House","Kevin  Cramer ","1649"
"1340","Pierce","Us House","Chase  Iron Eyes ","318"
"1341","Pierce","Us House","TOTALS","2059"
"1342","Ramsey","Us House","write-in ","8"
"1343","Ramsey","Us House","Jack  Seaman","365"
"1344","Ramsey","Us House","Kevin  Cramer ","3696"
"1345","Ramsey","Us House","Chase  Iron Eyes ","1222"
"1346","Ramsey","Us House","TOTALS","5291"
"1347","Ransom","Us House","write-in ","5"
"1348","Ransom","Us House","Jack  Seaman","163"
"1349","Ransom","Us House","Kevin  Cramer ","1405"
"1350","Ransom","Us House","Chase  Iron Eyes ","769"
"1351","Ransom","Us House","TOTALS","2342"
"1352","Renville","Us House","write-in ","0"
"1353","Renville","Us House","Jack  Seaman","64"
"1354","Renville","Us House","Kevin  Cramer ","1062"
"1355","Renville","Us House","Chase  Iron Eyes ","147"
"1356","Renville","Us House","TOTALS","1273"
"1357","Richland","Us House","write-in ","5"
"1358","Richland","Us House","Jack  Seaman","645"
"1359","Richland","Us House","Kevin  Cramer ","4948"
"1360","Richland","Us House","Chase  Iron Eyes ","1879"
"1361","Richland","Us House","TOTALS","7477"
"1362","Rolette","Us House","write-in ","1"
"1363","Rolette","Us House","Jack  Seaman","105"
"1364","Rolette","Us House","Kevin  Cramer ","1195"
"1365","Rolette","Us House","Chase  Iron Eyes ","2487"
"1366","Rolette","Us House","TOTALS","3788"
"1367","Sargent","Us House","write-in ","2"
"1368","Sargent","Us House","Jack  Seaman","169"
"1369","Sargent","Us House","Kevin  Cramer ","1183"
"1370","Sargent","Us House","Chase  Iron Eyes ","643"
"1371","Sargent","Us House","TOTALS","1997"
"1372","Sheridan","Us House","write-in ","0"
"1373","Sheridan","Us House","Jack  Seaman","30"
"1374","Sheridan","Us House","Kevin  Cramer ","679"
"1375","Sheridan","Us House","Chase  Iron Eyes ","77"
"1376","Sheridan","Us House","TOTALS","786"
"1377","Sioux","Us House","write-in ","1"
"1378","Sioux","Us House","Jack  Seaman","25"
"1379","Sioux","Us House","Kevin  Cramer ","243"
"1380","Sioux","Us House","Chase  Iron Eyes ","973"
"1381","Sioux","Us House","TOTALS","1242"
"1382","Slope","Us House","write-in ","1"
"1383","Slope","Us House","Jack  Seaman","24"
"1384","Slope","Us House","Kevin  Cramer ","362"
"1385","Slope","Us House","Chase  Iron Eyes ","41"
"1386","Slope","Us House","TOTALS","428"
"1387","Stark","Us House","write-in ","20"
"1388","Stark","Us House","Jack  Seaman","684"
"1389","Stark","Us House","Kevin  Cramer ","9921"
"1390","Stark","Us House","Chase  Iron Eyes ","1453"
"1391","Stark","Us House","TOTALS","12078"
"1392","Steele","Us House","write-in ","1"
"1393","Steele","Us House","Jack  Seaman","81"
"1394","Steele","Us House","Kevin  Cramer ","652"
"1395","Steele","Us House","Chase  Iron Eyes ","282"
"1396","Steele","Us House","TOTALS","1016"
"1397","Stutsman","Us House","write-in ","9"
"1398","Stutsman","Us House","Jack  Seaman","661"
"1399","Stutsman","Us House","Kevin  Cramer ","7001"
"1400","Stutsman","Us House","Chase  Iron Eyes ","2174"
"1401","Stutsman","Us House","TOTALS","9845"
"1402","Towner","Us House","write-in ","0"
"1403","Towner","Us House","Jack  Seaman","79"
"1404","Towner","Us House","Kevin  Cramer ","828"
"1405","Towner","Us House","Chase  Iron Eyes ","249"
"1406","Towner","Us House","TOTALS","1156"
"1407","Traill","Us House","write-in ","7"
"1408","Traill","Us House","Jack  Seaman","307"
"1409","Traill","Us House","Kevin  Cramer ","2567"
"1410","Traill","Us House","Chase  Iron Eyes ","1018"
"1411","Traill","Us House","TOTALS","3899"
"1412","Walsh","Us House","write-in ","5"
"1413","Walsh","Us House","Jack  Seaman","298"
"1414","Walsh","Us House","Kevin  Cramer ","3469"
"1415","Walsh","Us House","Chase  Iron Eyes ","840"
"1416","Walsh","Us House","TOTALS","4612"
"1417","Ward","Us House","write-in ","47"
"1418","Ward","Us House","Jack  Seaman","1891"
"1419","Ward","Us House","Kevin  Cramer ","20267"
"1420","Ward","Us House","Chase  Iron Eyes ","4772"
"1421","Ward","Us House","TOTALS","26977"
"1422","Wells","Us House","write-in ","1"
"1423","Wells","Us House","Jack  Seaman","113"
"1424","Wells","Us House","Kevin  Cramer ","1940"
"1425","Wells","Us House","Chase  Iron Eyes ","317"
"1426","Wells","Us House","TOTALS","2371"
"1427","Williams","Us House","write-in ","19"
"1428","Williams","Us House","Jack  Seaman","873"
"1429","Williams","Us House","Kevin  Cramer ","10015"
"1430","Williams","Us House","Chase  Iron Eyes ","1567"
"1431","Williams","Us House","TOTALS","12474"
"1432","Adams","Us Senate","write-in ","2"
"1433","Adams","Us Senate","Robert N Marquette ","23"
"1434","Adams","Us Senate","John  Hoeven ","1067"
"1435","Adams","Us Senate","Eliot  Glassheim ","114"
"1436","Adams","Us Senate","James Germalic","17"
"1437","Adams","Us Senate","TOTALS","1223"
"1438","Barnes","Us Senate","write-in ","5"
"1439","Barnes","Us Senate","Robert N Marquette ","140"
"1440","Barnes","Us Senate","John  Hoeven ","4302"
"1441","Barnes","Us Senate","Eliot  Glassheim ","835"
"1442","Barnes","Us Senate","James Germalic","56"
"1443","Barnes","Us Senate","TOTALS","5338"
"1444","Benson","Us Senate","write-in ","2"
"1445","Benson","Us Senate","Robert N Marquette ","68"
"1446","Benson","Us Senate","John  Hoeven ","1340"
"1447","Benson","Us Senate","Eliot  Glassheim ","574"
"1448","Benson","Us Senate","James Germalic","38"
"1449","Benson","Us Senate","TOTALS","2022"
"1450","Billings","Us Senate","write-in ","0"
"1451","Billings","Us Senate","Robert N Marquette ","16"
"1452","Billings","Us Senate","John  Hoeven ","543"
"1453","Billings","Us Senate","Eliot  Glassheim ","43"
"1454","Billings","Us Senate","James Germalic","3"
"1455","Billings","Us Senate","TOTALS","605"
"1456","Bottineau","Us Senate","write-in ","1"
"1457","Bottineau","Us Senate","Robert N Marquette ","80"
"1458","Bottineau","Us Senate","John  Hoeven ","2998"
"1459","Bottineau","Us Senate","Eliot  Glassheim ","383"
"1460","Bottineau","Us Senate","James Germalic","37"
"1461","Bottineau","Us Senate","TOTALS","3499"
"1462","Bowman","Us Senate","write-in ","2"
"1463","Bowman","Us Senate","Robert N Marquette ","36"
"1464","Bowman","Us Senate","John  Hoeven ","1605"
"1465","Bowman","Us Senate","Eliot  Glassheim ","136"
"1466","Bowman","Us Senate","James Germalic","15"
"1467","Bowman","Us Senate","TOTALS","1794"
"1468","Burke","Us Senate","write-in ","0"
"1469","Burke","Us Senate","Robert N Marquette ","14"
"1470","Burke","Us Senate","John  Hoeven ","970"
"1471","Burke","Us Senate","Eliot  Glassheim ","66"
"1472","Burke","Us Senate","James Germalic","5"
"1473","Burke","Us Senate","TOTALS","1055"
"1474","Burleigh","Us Senate","write-in ","55"
"1475","Burleigh","Us Senate","Robert N Marquette ","1372"
"1476","Burleigh","Us Senate","John  Hoeven ","38830"
"1477","Burleigh","Us Senate","Eliot  Glassheim ","6904"
"1478","Burleigh","Us Senate","James Germalic","670"
"1479","Burleigh","Us Senate","TOTALS","47831"
"1480","Cass","Us Senate","write-in ","130"
"1481","Cass","Us Senate","Robert N Marquette ","3183"
"1482","Cass","Us Senate","John  Hoeven ","57151"
"1483","Cass","Us Senate","Eliot  Glassheim ","18268"
"1484","Cass","Us Senate","James Germalic","1090"
"1485","Cass","Us Senate","TOTALS","79822"
"1486","Cavalier","Us Senate","write-in ","2"
"1487","Cavalier","Us Senate","Robert N Marquette ","31"
"1488","Cavalier","Us Senate","John  Hoeven ","1707"
"1489","Cavalier","Us Senate","Eliot  Glassheim ","290"
"1490","Cavalier","Us Senate","James Germalic","18"
"1491","Cavalier","Us Senate","TOTALS","2048"
"1492","Dickey","Us Senate","write-in ","2"
"1493","Dickey","Us Senate","Robert N Marquette ","43"
"1494","Dickey","Us Senate","John  Hoeven ","2022"
"1495","Dickey","Us Senate","Eliot  Glassheim ","335"
"1496","Dickey","Us Senate","James Germalic","29"
"1497","Dickey","Us Senate","TOTALS","2431"
"1498","Divide","Us Senate","write-in ","1"
"1499","Divide","Us Senate","Robert N Marquette ","36"
"1500","Divide","Us Senate","John  Hoeven ","1039"
"1501","Divide","Us Senate","Eliot  Glassheim ","140"
"1502","Divide","Us Senate","James Germalic","14"
"1503","Divide","Us Senate","TOTALS","1230"
"1504","Dunn","Us Senate","write-in ","1"
"1505","Dunn","Us Senate","Robert N Marquette ","46"
"1506","Dunn","Us Senate","John  Hoeven ","1909"
"1507","Dunn","Us Senate","Eliot  Glassheim ","251"
"1508","Dunn","Us Senate","James Germalic","26"
"1509","Dunn","Us Senate","TOTALS","2233"
"1510","Eddy","Us Senate","write-in ","0"
"1511","Eddy","Us Senate","Robert N Marquette ","35"
"1512","Eddy","Us Senate","John  Hoeven ","962"
"1513","Eddy","Us Senate","Eliot  Glassheim ","219"
"1514","Eddy","Us Senate","James Germalic","10"
"1515","Eddy","Us Senate","TOTALS","1226"
"1516","Emmons","Us Senate","write-in ","3"
"1517","Emmons","Us Senate","Robert N Marquette ","36"
"1518","Emmons","Us Senate","John  Hoeven ","1774"
"1519","Emmons","Us Senate","Eliot  Glassheim ","136"
"1520","Emmons","Us Senate","James Germalic","29"
"1521","Emmons","Us Senate","TOTALS","1978"
"1522","Foster","Us Senate","write-in ","2"
"1523","Foster","Us Senate","Robert N Marquette ","59"
"1524","Foster","Us Senate","John  Hoeven ","1491"
"1525","Foster","Us Senate","Eliot  Glassheim ","170"
"1526","Foster","Us Senate","James Germalic","21"
"1527","Foster","Us Senate","TOTALS","1743"
"1528","Golden Valley","Us Senate","write-in ","1"
"1529","Golden Valley","Us Senate","Robert N Marquette ","28"
"1530","Golden Valley","Us Senate","John  Hoeven ","857"
"1531","Golden Valley","Us Senate","Eliot  Glassheim ","62"
"1532","Golden Valley","Us Senate","James Germalic","8"
"1533","Golden Valley","Us Senate","TOTALS","956"
"1534","Grand Forks","Us Senate","write-in ","19"
"1535","Grand Forks","Us Senate","Robert N Marquette ","873"
"1536","Grand Forks","Us Senate","John  Hoeven ","20860"
"1537","Grand Forks","Us Senate","Eliot  Glassheim ","7714"
"1538","Grand Forks","Us Senate","James Germalic","374"
"1539","Grand Forks","Us Senate","TOTALS","29840"
"1540","Grant","Us Senate","write-in ","1"
"1541","Grant","Us Senate","Robert N Marquette ","27"
"1542","Grant","Us Senate","John  Hoeven ","1251"
"1543","Grant","Us Senate","Eliot  Glassheim ","108"
"1544","Grant","Us Senate","James Germalic","19"
"1545","Grant","Us Senate","TOTALS","1406"
"1546","Griggs","Us Senate","write-in ","1"
"1547","Griggs","Us Senate","Robert N Marquette ","28"
"1548","Griggs","Us Senate","John  Hoeven ","1046"
"1549","Griggs","Us Senate","Eliot  Glassheim ","194"
"1550","Griggs","Us Senate","James Germalic","12"
"1551","Griggs","Us Senate","TOTALS","1281"
"1552","Hettinger","Us Senate","write-in ","1"
"1553","Hettinger","Us Senate","Robert N Marquette ","30"
"1554","Hettinger","Us Senate","John  Hoeven ","1160"
"1555","Hettinger","Us Senate","Eliot  Glassheim ","88"
"1556","Hettinger","Us Senate","James Germalic","17"
"1557","Hettinger","Us Senate","TOTALS","1296"
"1558","Kidder","Us Senate","write-in ","1"
"1559","Kidder","Us Senate","Robert N Marquette ","43"
"1560","Kidder","Us Senate","John  Hoeven ","1224"
"1561","Kidder","Us Senate","Eliot  Glassheim ","117"
"1562","Kidder","Us Senate","James Germalic","13"
"1563","Kidder","Us Senate","TOTALS","1398"
"1564","LaMoure","Us Senate","write-in ","1"
"1565","LaMoure","Us Senate","Robert N Marquette ","49"
"1566","LaMoure","Us Senate","John  Hoeven ","1818"
"1567","LaMoure","Us Senate","Eliot  Glassheim ","292"
"1568","LaMoure","Us Senate","James Germalic","22"
"1569","LaMoure","Us Senate","TOTALS","2182"
"1570","Logan","Us Senate","write-in ","0"
"1571","Logan","Us Senate","Robert N Marquette ","21"
"1572","Logan","Us Senate","John  Hoeven ","989"
"1573","Logan","Us Senate","Eliot  Glassheim ","72"
"1574","Logan","Us Senate","James Germalic","10"
"1575","Logan","Us Senate","TOTALS","1092"
"1576","McHenry","Us Senate","write-in ","3"
"1577","McHenry","Us Senate","Robert N Marquette ","75"
"1578","McHenry","Us Senate","John  Hoeven ","2433"
"1579","McHenry","Us Senate","Eliot  Glassheim ","296"
"1580","McHenry","Us Senate","James Germalic","49"
"1581","McHenry","Us Senate","TOTALS","2856"
"1582","McIntosh","Us Senate","write-in ","0"
"1583","McIntosh","Us Senate","Robert N Marquette ","22"
"1584","McIntosh","Us Senate","John  Hoeven ","1327"
"1585","McIntosh","Us Senate","Eliot  Glassheim ","110"
"1586","McIntosh","Us Senate","James Germalic","14"
"1587","McIntosh","Us Senate","TOTALS","1473"
"1588","McKenzie","Us Senate","write-in ","6"
"1589","McKenzie","Us Senate","Robert N Marquette ","140"
"1590","McKenzie","Us Senate","John  Hoeven ","3903"
"1591","McKenzie","Us Senate","Eliot  Glassheim ","494"
"1592","McKenzie","Us Senate","James Germalic","62"
"1593","McKenzie","Us Senate","TOTALS","4605"
"1594","McLean","Us Senate","write-in ","5"
"1595","McLean","Us Senate","Robert N Marquette ","116"
"1596","McLean","Us Senate","John  Hoeven ","4391"
"1597","McLean","Us Senate","Eliot  Glassheim ","732"
"1598","McLean","Us Senate","James Germalic","92"
"1599","McLean","Us Senate","TOTALS","5336"
"1600","Mercer","Us Senate","write-in ","5"
"1601","Mercer","Us Senate","Robert N Marquette ","99"
"1602","Mercer","Us Senate","John  Hoeven ","4041"
"1603","Mercer","Us Senate","Eliot  Glassheim ","470"
"1604","Mercer","Us Senate","James Germalic","62"
"1605","Mercer","Us Senate","TOTALS","4677"
"1606","Morton","Us Senate","write-in ","18"
"1607","Morton","Us Senate","Robert N Marquette ","428"
"1608","Morton","Us Senate","John  Hoeven ","12963"
"1609","Morton","Us Senate","Eliot  Glassheim ","2104"
"1610","Morton","Us Senate","James Germalic","243"
"1611","Morton","Us Senate","TOTALS","15756"
"1612","Mountrail","Us Senate","write-in ","2"
"1613","Mountrail","Us Senate","Robert N Marquette ","122"
"1614","Mountrail","Us Senate","John  Hoeven ","2980"
"1615","Mountrail","Us Senate","Eliot  Glassheim ","892"
"1616","Mountrail","Us Senate","James Germalic","87"
"1617","Mountrail","Us Senate","TOTALS","4083"
"1618","Nelson","Us Senate","write-in ","2"
"1619","Nelson","Us Senate","Robert N Marquette ","57"
"1620","Nelson","Us Senate","John  Hoeven ","1343"
"1621","Nelson","Us Senate","Eliot  Glassheim ","323"
"1622","Nelson","Us Senate","James Germalic","25"
"1623","Nelson","Us Senate","TOTALS","1750"
"1624","Oliver","Us Senate","write-in ","0"
"1625","Oliver","Us Senate","Robert N Marquette ","25"
"1626","Oliver","Us Senate","John  Hoeven ","915"
"1627","Oliver","Us Senate","Eliot  Glassheim ","74"
"1628","Oliver","Us Senate","James Germalic","11"
"1629","Oliver","Us Senate","TOTALS","1025"
"1630","Pembina","Us Senate","write-in ","4"
"1631","Pembina","Us Senate","Robert N Marquette ","62"
"1632","Pembina","Us Senate","John  Hoeven ","2644"
"1633","Pembina","Us Senate","Eliot  Glassheim ","453"
"1634","Pembina","Us Senate","James Germalic","21"
"1635","Pembina","Us Senate","TOTALS","3184"
"1636","Pierce","Us Senate","write-in ","1"
"1637","Pierce","Us Senate","Robert N Marquette ","26"
"1638","Pierce","Us Senate","John  Hoeven ","1816"
"1639","Pierce","Us Senate","Eliot  Glassheim ","225"
"1640","Pierce","Us Senate","James Germalic","26"
"1641","Pierce","Us Senate","TOTALS","2094"
"1642","Ramsey","Us Senate","write-in ","3"
"1643","Ramsey","Us Senate","Robert N Marquette ","133"
"1644","Ramsey","Us Senate","John  Hoeven ","4291"
"1645","Ramsey","Us Senate","Eliot  Glassheim ","869"
"1646","Ramsey","Us Senate","James Germalic","72"
"1647","Ramsey","Us Senate","TOTALS","5368"
"1648","Ransom","Us Senate","write-in ","3"
"1649","Ransom","Us Senate","Robert N Marquette ","75"
"1650","Ransom","Us Senate","John  Hoeven ","1793"
"1651","Ransom","Us Senate","Eliot  Glassheim ","463"
"1652","Ransom","Us Senate","James Germalic","34"
"1653","Ransom","Us Senate","TOTALS","2368"
"1654","Renville","Us Senate","write-in ","2"
"1655","Renville","Us Senate","Robert N Marquette ","28"
"1656","Renville","Us Senate","John  Hoeven ","1140"
"1657","Renville","Us Senate","Eliot  Glassheim ","104"
"1658","Renville","Us Senate","James Germalic","19"
"1659","Renville","Us Senate","TOTALS","1293"
"1660","Richland","Us Senate","write-in ","6"
"1661","Richland","Us Senate","Robert N Marquette ","267"
"1662","Richland","Us Senate","John  Hoeven ","6074"
"1663","Richland","Us Senate","Eliot  Glassheim ","1117"
"1664","Richland","Us Senate","James Germalic","98"
"1665","Richland","Us Senate","TOTALS","7562"
"1666","Rolette","Us Senate","write-in ","1"
"1667","Rolette","Us Senate","Robert N Marquette ","137"
"1668","Rolette","Us Senate","John  Hoeven ","1801"
"1669","Rolette","Us Senate","Eliot  Glassheim ","1701"
"1670","Rolette","Us Senate","James Germalic","86"
"1671","Rolette","Us Senate","TOTALS","3726"
"1672","Sargent","Us Senate","write-in ","0"
"1673","Sargent","Us Senate","Robert N Marquette ","67"
"1674","Sargent","Us Senate","John  Hoeven ","1513"
"1675","Sargent","Us Senate","Eliot  Glassheim ","423"
"1676","Sargent","Us Senate","James Germalic","21"
"1677","Sargent","Us Senate","TOTALS","2024"
"1678","Sheridan","Us Senate","write-in ","0"
"1679","Sheridan","Us Senate","Robert N Marquette ","17"
"1680","Sheridan","Us Senate","John  Hoeven ","703"
"1681","Sheridan","Us Senate","Eliot  Glassheim ","60"
"1682","Sheridan","Us Senate","James Germalic","12"
"1683","Sheridan","Us Senate","TOTALS","792"
"1684","Sioux","Us Senate","write-in ","9"
"1685","Sioux","Us Senate","Robert N Marquette ","60"
"1686","Sioux","Us Senate","John  Hoeven ","426"
"1687","Sioux","Us Senate","Eliot  Glassheim ","633"
"1688","Sioux","Us Senate","James Germalic","64"
"1689","Sioux","Us Senate","TOTALS","1192"
"1690","Slope","Us Senate","write-in ","1"
"1691","Slope","Us Senate","Robert N Marquette ","7"
"1692","Slope","Us Senate","John  Hoeven ","388"
"1693","Slope","Us Senate","Eliot  Glassheim ","25"
"1694","Slope","Us Senate","James Germalic","7"
"1695","Slope","Us Senate","TOTALS","428"
"1696","Stark","Us Senate","write-in ","10"
"1697","Stark","Us Senate","Robert N Marquette ","322"
"1698","Stark","Us Senate","John  Hoeven ","10635"
"1699","Stark","Us Senate","Eliot  Glassheim ","1101"
"1700","Stark","Us Senate","James Germalic","132"
"1701","Stark","Us Senate","TOTALS","12200"
"1702","Steele","Us Senate","write-in ","1"
"1703","Steele","Us Senate","Robert N Marquette ","29"
"1704","Steele","Us Senate","John  Hoeven ","791"
"1705","Steele","Us Senate","Eliot  Glassheim ","204"
"1706","Steele","Us Senate","James Germalic","7"
"1707","Steele","Us Senate","TOTALS","1032"
"1708","Stutsman","Us Senate","write-in ","7"
"1709","Stutsman","Us Senate","Robert N Marquette ","222"
"1710","Stutsman","Us Senate","John  Hoeven ","8392"
"1711","Stutsman","Us Senate","Eliot  Glassheim ","1329"
"1712","Stutsman","Us Senate","James Germalic","137"
"1713","Stutsman","Us Senate","TOTALS","10087"
"1714","Towner","Us Senate","write-in ","0"
"1715","Towner","Us Senate","Robert N Marquette ","30"
"1716","Towner","Us Senate","John  Hoeven ","952"
"1717","Towner","Us Senate","Eliot  Glassheim ","179"
"1718","Towner","Us Senate","James Germalic","16"
"1719","Towner","Us Senate","TOTALS","1177"
"1720","Traill","Us Senate","write-in ","2"
"1721","Traill","Us Senate","Robert N Marquette ","103"
"1722","Traill","Us Senate","John  Hoeven ","3062"
"1723","Traill","Us Senate","Eliot  Glassheim ","747"
"1724","Traill","Us Senate","James Germalic","44"
"1725","Traill","Us Senate","TOTALS","3958"
"1726","Walsh","Us Senate","write-in ","5"
"1727","Walsh","Us Senate","Robert N Marquette ","116"
"1728","Walsh","Us Senate","John  Hoeven ","3788"
"1729","Walsh","Us Senate","Eliot  Glassheim ","749"
"1730","Walsh","Us Senate","James Germalic","50"
"1731","Walsh","Us Senate","TOTALS","4708"
"1732","Ward","Us Senate","write-in ","27"
"1733","Ward","Us Senate","Robert N Marquette ","938"
"1734","Ward","Us Senate","John  Hoeven ","22538"
"1735","Ward","Us Senate","Eliot  Glassheim ","3309"
"1736","Ward","Us Senate","James Germalic","413"
"1737","Ward","Us Senate","TOTALS","27225"
"1738","Wells","Us Senate","write-in ","0"
"1739","Wells","Us Senate","Robert N Marquette ","50"
"1740","Wells","Us Senate","John  Hoeven ","2080"
"1741","Wells","Us Senate","Eliot  Glassheim ","239"
"1742","Wells","Us Senate","James Germalic","28"
"1743","Wells","Us Senate","TOTALS","2397"
"1744","Williams","Us Senate","write-in ","10"
"1745","Williams","Us Senate","Robert N Marquette ","466"
"1746","Williams","Us Senate","John  Hoeven ","10750"
"1747","Williams","Us Senate","Eliot  Glassheim ","1180"
"1748","Williams","Us Senate","James Germalic","190"
"1749","Williams","Us Senate","TOTALS","12596"
