county,precinct,office,district,party,candidate,votes
Adams,Adams County,U.S. Senate,,REP,write-in,1 
Adams,Adams County,U.S. Senate,,REP,John Hoeven,595 
Adams,Adams County,U.S. Senate,,REP,TOTALS,596
Adams,TOTAL,U.S. Senate,,REP,write-in,1.0
Adams,TOTAL,U.S. Senate,,REP,John Hoeven,595.0
Adams,TOTAL,U.S. Senate,,REP,TOTALS,596.0
Barnes,Precinct 2401-00,U.S. Senate,,REP,write-in,0 
Barnes,Precinct 2401-00,U.S. Senate,,REP,John Hoeven,164 
Barnes,Precinct 2401-00,U.S. Senate,,REP,TOTALS,164
Barnes,Precinct 2402-00,U.S. Senate,,REP,write-in,1 
Barnes,Precinct 2402-00,U.S. Senate,,REP,John Hoeven,224 
Barnes,Precinct 2402-00,U.S. Senate,,REP,TOTALS,225
Barnes,Precinct 2403-00,U.S. Senate,,REP,write-in,0 
Barnes,Precinct 2403-00,U.S. Senate,,REP,John Hoeven,110 
Barnes,Precinct 2403-00,U.S. Senate,,REP,TOTALS,110
Barnes,Precinct 2404-00,U.S. Senate,,REP,write-in,1 
Barnes,Precinct 2404-00,U.S. Senate,,REP,John Hoeven,197 
Barnes,Precinct 2404-00,U.S. Senate,,REP,TOTALS,198
Barnes,Precinct 2405-00,U.S. Senate,,REP,write-in,1 
Barnes,Precinct 2405-00,U.S. Senate,,REP,John Hoeven,288 
Barnes,Precinct 2405-00,U.S. Senate,,REP,TOTALS,289
Barnes,Precinct 2406-00,U.S. Senate,,REP,write-in,0 
Barnes,Precinct 2406-00,U.S. Senate,,REP,John Hoeven,120 
Barnes,Precinct 2406-00,U.S. Senate,,REP,TOTALS,120
Barnes,Precinct 2407-00,U.S. Senate,,REP,write-in,0 
Barnes,Precinct 2407-00,U.S. Senate,,REP,John Hoeven,39 
Barnes,Precinct 2407-00,U.S. Senate,,REP,TOTALS,39
Barnes,Precinct 2408-00,U.S. Senate,,REP,write-in,0 
Barnes,Precinct 2408-00,U.S. Senate,,REP,John Hoeven,67 
Barnes,Precinct 2408-00,U.S. Senate,,REP,TOTALS,67
Barnes,Precinct 2409-00,U.S. Senate,,REP,write-in,1 
Barnes,Precinct 2409-00,U.S. Senate,,REP,John Hoeven,70 
Barnes,Precinct 2409-00,U.S. Senate,,REP,TOTALS,71
Barnes,Precinct 2410-00,U.S. Senate,,REP,write-in,0 
Barnes,Precinct 2410-00,U.S. Senate,,REP,John Hoeven,26 
Barnes,Precinct 2410-00,U.S. Senate,,REP,TOTALS,26
Barnes,Precinct 2411-00,U.S. Senate,,REP,write-in,0 
Barnes,Precinct 2411-00,U.S. Senate,,REP,John Hoeven,212 
Barnes,Precinct 2411-00,U.S. Senate,,REP,TOTALS,212
Barnes,Precinct 2412-00,U.S. Senate,,REP,write-in,0 
Barnes,Precinct 2412-00,U.S. Senate,,REP,John Hoeven,92 
Barnes,Precinct 2412-00,U.S. Senate,,REP,TOTALS,92
Barnes,Precinct 2413-00,U.S. Senate,,REP,write-in,1 
Barnes,Precinct 2413-00,U.S. Senate,,REP,John Hoeven,83 
Barnes,Precinct 2413-00,U.S. Senate,,REP,TOTALS,84
Barnes,Precinct 2414-00,U.S. Senate,,REP,write-in,0 
Barnes,Precinct 2414-00,U.S. Senate,,REP,John Hoeven,31 
Barnes,Precinct 2414-00,U.S. Senate,,REP,TOTALS,31
Barnes,Precinct 2415-00,U.S. Senate,,REP,write-in,0 
Barnes,Precinct 2415-00,U.S. Senate,,REP,John Hoeven,73 
Barnes,Precinct 2415-00,U.S. Senate,,REP,TOTALS,73
Barnes,TOTAL,U.S. Senate,,REP,write-in,5.0
Barnes,TOTAL,U.S. Senate,,REP,John Hoeven,1796.0
Barnes,TOTAL,U.S. Senate,,REP,TOTALS,1801.0
Benson,Precinct 1,U.S. Senate,,REP,write-in,1 
Benson,Precinct 1,U.S. Senate,,REP,John Hoeven,401 
Benson,Precinct 1,U.S. Senate,,REP,TOTALS,402
Benson,Precinct 2,U.S. Senate,,REP,write-in,1 
Benson,Precinct 2,U.S. Senate,,REP,John Hoeven,131 
Benson,Precinct 2,U.S. Senate,,REP,TOTALS,132
Benson,Precinct 3,U.S. Senate,,REP,write-in,0 
Benson,Precinct 3,U.S. Senate,,REP,John Hoeven,47 
Benson,Precinct 3,U.S. Senate,,REP,TOTALS,47
Benson,Precinct 4,U.S. Senate,,REP,write-in,0 
Benson,Precinct 4,U.S. Senate,,REP,John Hoeven,41 
Benson,Precinct 4,U.S. Senate,,REP,TOTALS,41
Benson,TOTAL,U.S. Senate,,REP,write-in,2.0
Benson,TOTAL,U.S. Senate,,REP,John Hoeven,620.0
Benson,TOTAL,U.S. Senate,,REP,TOTALS,622.0
Billings,Precinct 01,U.S. Senate,,REP,write-in,0 
Billings,Precinct 01,U.S. Senate,,REP,John Hoeven,96 
Billings,Precinct 01,U.S. Senate,,REP,TOTALS,96
Billings,Precinct 02,U.S. Senate,,REP,write-in,0 
Billings,Precinct 02,U.S. Senate,,REP,John Hoeven,164 
Billings,Precinct 02,U.S. Senate,,REP,TOTALS,164
Billings,Precinct 03,U.S. Senate,,REP,write-in,0 
Billings,Precinct 03,U.S. Senate,,REP,John Hoeven,65 
Billings,Precinct 03,U.S. Senate,,REP,TOTALS,65
Billings,TOTAL,U.S. Senate,,REP,write-in,0.0
Billings,TOTAL,U.S. Senate,,REP,John Hoeven,325.0
Billings,TOTAL,U.S. Senate,,REP,TOTALS,325.0
Bottineau,Precinct 01,U.S. Senate,,REP,write-in,2 
Bottineau,Precinct 01,U.S. Senate,,REP,John Hoeven,261 
Bottineau,Precinct 01,U.S. Senate,,REP,TOTALS,263
Bottineau,Precinct 02,U.S. Senate,,REP,write-in,1 
Bottineau,Precinct 02,U.S. Senate,,REP,John Hoeven,258 
Bottineau,Precinct 02,U.S. Senate,,REP,TOTALS,259
Bottineau,Precinct 03,U.S. Senate,,REP,write-in,0 
Bottineau,Precinct 03,U.S. Senate,,REP,John Hoeven,236 
Bottineau,Precinct 03,U.S. Senate,,REP,TOTALS,236
Bottineau,Precinct 04,U.S. Senate,,REP,write-in,1 
Bottineau,Precinct 04,U.S. Senate,,REP,John Hoeven,273 
Bottineau,Precinct 04,U.S. Senate,,REP,TOTALS,274
Bottineau,Precinct 05,U.S. Senate,,REP,write-in,0 
Bottineau,Precinct 05,U.S. Senate,,REP,John Hoeven,244 
Bottineau,Precinct 05,U.S. Senate,,REP,TOTALS,244
Bottineau,TOTAL,U.S. Senate,,REP,write-in,4.0
Bottineau,TOTAL,U.S. Senate,,REP,John Hoeven,1272.0
Bottineau,TOTAL,U.S. Senate,,REP,TOTALS,1276.0
Bowman,Bowman City,U.S. Senate,,REP,write-in,1 
Bowman,Bowman City,U.S. Senate,,REP,John Hoeven,562 
Bowman,Bowman City,U.S. Senate,,REP,TOTALS,563
Bowman,Bowman Four Seasons,U.S. Senate,,REP,write-in,0 
Bowman,Bowman Four Seasons,U.S. Senate,,REP,John Hoeven,215 
Bowman,Bowman Four Seasons,U.S. Senate,,REP,TOTALS,215
Bowman,Rhame,U.S. Senate,,REP,write-in,0 
Bowman,Rhame,U.S. Senate,,REP,John Hoeven,134 
Bowman,Rhame,U.S. Senate,,REP,TOTALS,134
Bowman,Scranton,U.S. Senate,,REP,write-in,1 
Bowman,Scranton,U.S. Senate,,REP,John Hoeven,160 
Bowman,Scranton,U.S. Senate,,REP,TOTALS,161
Bowman,TOTAL,U.S. Senate,,REP,write-in,2.0
Bowman,TOTAL,U.S. Senate,,REP,John Hoeven,1071.0
Bowman,TOTAL,U.S. Senate,,REP,TOTALS,1073.0
Burke,Precinct 01,U.S. Senate,,REP,write-in,0 
Burke,Precinct 01,U.S. Senate,,REP,John Hoeven,24 
Burke,Precinct 01,U.S. Senate,,REP,TOTALS,24
Burke,Precinct 02,U.S. Senate,,REP,write-in,0 
Burke,Precinct 02,U.S. Senate,,REP,John Hoeven,118 
Burke,Precinct 02,U.S. Senate,,REP,TOTALS,118
Burke,Precinct 03,U.S. Senate,,REP,write-in,0 
Burke,Precinct 03,U.S. Senate,,REP,John Hoeven,136 
Burke,Precinct 03,U.S. Senate,,REP,TOTALS,136
Burke,Precinct 04,U.S. Senate,,REP,write-in,1 
Burke,Precinct 04,U.S. Senate,,REP,John Hoeven,71 
Burke,Precinct 04,U.S. Senate,,REP,TOTALS,72
Burke,Precinct 05,U.S. Senate,,REP,write-in,0 
Burke,Precinct 05,U.S. Senate,,REP,John Hoeven,61 
Burke,Precinct 05,U.S. Senate,,REP,TOTALS,61
Burke,Precinct 06,U.S. Senate,,REP,write-in,0 
Burke,Precinct 06,U.S. Senate,,REP,John Hoeven,40 
Burke,Precinct 06,U.S. Senate,,REP,TOTALS,40
Burke,TOTAL,U.S. Senate,,REP,write-in,1.0
Burke,TOTAL,U.S. Senate,,REP,John Hoeven,450.0
Burke,TOTAL,U.S. Senate,,REP,TOTALS,451.0
Burleigh,Bismarck Civic Center,U.S. Senate,,REP,write-in,2 
Burleigh,Bismarck Civic Center,U.S. Senate,,REP,John Hoeven,97 
Burleigh,Bismarck Civic Center,U.S. Senate,,REP,TOTALS,99
Burleigh,Centennial (Century Baptist),U.S. Senate,,REP,write-in,4 
Burleigh,Centennial (Century Baptist),U.S. Senate,,REP,John Hoeven,824 
Burleigh,Centennial (Century Baptist),U.S. Senate,,REP,TOTALS,828
Burleigh,City of Lincoln,U.S. Senate,,REP,write-in,1 
Burleigh,City of Lincoln,U.S. Senate,,REP,John Hoeven,473 
Burleigh,City of Lincoln,U.S. Senate,,REP,TOTALS,474
Burleigh,County 4-H Building 28,U.S. Senate,,REP,write-in,0 
Burleigh,County 4-H Building 28,U.S. Senate,,REP,John Hoeven,238 
Burleigh,County 4-H Building 28,U.S. Senate,,REP,TOTALS,238
Burleigh,County 4-H Building 7,U.S. Senate,,REP,write-in,3 
Burleigh,County 4-H Building 7,U.S. Senate,,REP,John Hoeven,185 
Burleigh,County 4-H Building 7,U.S. Senate,,REP,TOTALS,188
Burleigh,County 4-H Building 8,U.S. Senate,,REP,write-in,0 
Burleigh,County 4-H Building 8,U.S. Senate,,REP,John Hoeven,395 
Burleigh,County 4-H Building 8,U.S. Senate,,REP,TOTALS,395
Burleigh,Evangel Assembly of God 7,U.S. Senate,,REP,write-in,2 
Burleigh,Evangel Assembly of God 7,U.S. Senate,,REP,John Hoeven,226 
Burleigh,Evangel Assembly of God 7,U.S. Senate,,REP,TOTALS,228
Burleigh,Evangel Assembly of God 8,U.S. Senate,,REP,write-in,4 
Burleigh,Evangel Assembly of God 8,U.S. Senate,,REP,John Hoeven,392 
Burleigh,Evangel Assembly of God 8,U.S. Senate,,REP,TOTALS,396
Burleigh,GracePoint Church 47,U.S. Senate,,REP,write-in,8 
Burleigh,GracePoint Church 47,U.S. Senate,,REP,John Hoeven,976 
Burleigh,GracePoint Church 47,U.S. Senate,,REP,TOTALS,984
Burleigh,GracePoint Church 7,U.S. Senate,,REP,write-in,1 
Burleigh,GracePoint Church 7,U.S. Senate,,REP,John Hoeven,342 
Burleigh,GracePoint Church 7,U.S. Senate,,REP,TOTALS,343
Burleigh,Grimsrud School,U.S. Senate,,REP,write-in,2 
Burleigh,Grimsrud School,U.S. Senate,,REP,John Hoeven,349 
Burleigh,Grimsrud School,U.S. Senate,,REP,TOTALS,351
Burleigh,Highland Acres School,U.S. Senate,,REP,write-in,2 
Burleigh,Highland Acres School,U.S. Senate,,REP,John Hoeven,389 
Burleigh,Highland Acres School,U.S. Senate,,REP,TOTALS,391
Burleigh,Horizon (Century Baptist),U.S. Senate,,REP,write-in,3 
Burleigh,Horizon (Century Baptist),U.S. Senate,,REP,John Hoeven,1236 
Burleigh,Horizon (Century Baptist),U.S. Senate,,REP,TOTALS,1239
Burleigh,Legacy High School,U.S. Senate,,REP,write-in,1 
Burleigh,Legacy High School,U.S. Senate,,REP,John Hoeven,408 
Burleigh,Legacy High School,U.S. Senate,,REP,TOTALS,409
Burleigh,Liberty School 7,U.S. Senate,,REP,write-in,2 
Burleigh,Liberty School 7,U.S. Senate,,REP,John Hoeven,373 
Burleigh,Liberty School 7,U.S. Senate,,REP,TOTALS,375
Burleigh,Liberty School 8,U.S. Senate,,REP,write-in,1 
Burleigh,Liberty School 8,U.S. Senate,,REP,John Hoeven,232 
Burleigh,Liberty School 8,U.S. Senate,,REP,TOTALS,233
Burleigh,Lord of Life Church,U.S. Senate,,REP,write-in,2 
Burleigh,Lord of Life Church,U.S. Senate,,REP,John Hoeven,631 
Burleigh,Lord of Life Church,U.S. Senate,,REP,TOTALS,633
Burleigh,Menoken School,U.S. Senate,,REP,write-in,1 
Burleigh,Menoken School,U.S. Senate,,REP,John Hoeven,143 
Burleigh,Menoken School,U.S. Senate,,REP,TOTALS,144
Burleigh,Moses (Civic Center),U.S. Senate,,REP,write-in,1 
Burleigh,Moses (Civic Center),U.S. Senate,,REP,John Hoeven,542 
Burleigh,Moses (Civic Center),U.S. Senate,,REP,TOTALS,543
Burleigh,Myhre (Civic Center),U.S. Senate,,REP,write-in,1 
Burleigh,Myhre (Civic Center),U.S. Senate,,REP,John Hoeven,123 
Burleigh,Myhre (Civic Center),U.S. Senate,,REP,TOTALS,124
Burleigh,ND State Capitol Building,U.S. Senate,,REP,write-in,12 
Burleigh,ND State Capitol Building,U.S. Senate,,REP,John Hoeven,422 
Burleigh,ND State Capitol Building,U.S. Senate,,REP,TOTALS,434
Burleigh,Northridge School,U.S. Senate,,REP,write-in,5 
Burleigh,Northridge School,U.S. Senate,,REP,John Hoeven,485 
Burleigh,Northridge School,U.S. Senate,,REP,TOTALS,490
Burleigh,Pioneer School,U.S. Senate,,REP,write-in,3 
Burleigh,Pioneer School,U.S. Senate,,REP,John Hoeven,299 
Burleigh,Pioneer School,U.S. Senate,,REP,TOTALS,302
Burleigh,Regan (Wilton County Shop),U.S. Senate,,REP,write-in,0 
Burleigh,Regan (Wilton County Shop),U.S. Senate,,REP,John Hoeven,49 
Burleigh,Regan (Wilton County Shop),U.S. Senate,,REP,TOTALS,49
Burleigh,Riverwood (Civic Center),U.S. Senate,,REP,write-in,0 
Burleigh,Riverwood (Civic Center),U.S. Senate,,REP,John Hoeven,232 
Burleigh,Riverwood (Civic Center),U.S. Senate,,REP,TOTALS,232
Burleigh,Robert Miller School,U.S. Senate,,REP,write-in,2 
Burleigh,Robert Miller School,U.S. Senate,,REP,John Hoeven,523 
Burleigh,Robert Miller School,U.S. Senate,,REP,TOTALS,525
Burleigh,Roosevelt School,U.S. Senate,,REP,write-in,2 
Burleigh,Roosevelt School,U.S. Senate,,REP,John Hoeven,259 
Burleigh,Roosevelt School,U.S. Senate,,REP,TOTALS,261
Burleigh,Senior Center,U.S. Senate,,REP,write-in,3 
Burleigh,Senior Center,U.S. Senate,,REP,John Hoeven,408 
Burleigh,Senior Center,U.S. Senate,,REP,TOTALS,411
Burleigh,Simle Middle School,U.S. Senate,,REP,write-in,0 
Burleigh,Simle Middle School,U.S. Senate,,REP,John Hoeven,349 
Burleigh,Simle Middle School,U.S. Senate,,REP,TOTALS,349
Burleigh,Solheim School,U.S. Senate,,REP,write-in,5 
Burleigh,Solheim School,U.S. Senate,,REP,John Hoeven,715 
Burleigh,Solheim School,U.S. Senate,,REP,TOTALS,720
Burleigh,South Central High School,U.S. Senate,,REP,write-in,1 
Burleigh,South Central High School,U.S. Senate,,REP,John Hoeven,178 
Burleigh,South Central High School,U.S. Senate,,REP,TOTALS,179
Burleigh,Sterling School,U.S. Senate,,REP,write-in,0 
Burleigh,Sterling School,U.S. Senate,,REP,John Hoeven,91 
Burleigh,Sterling School,U.S. Senate,,REP,TOTALS,91
Burleigh,Sunrise School,U.S. Senate,,REP,write-in,0 
Burleigh,Sunrise School,U.S. Senate,,REP,John Hoeven,438 
Burleigh,Sunrise School,U.S. Senate,,REP,TOTALS,438
Burleigh,The Element,U.S. Senate,,REP,write-in,3 
Burleigh,The Element,U.S. Senate,,REP,John Hoeven,368 
Burleigh,The Element,U.S. Senate,,REP,TOTALS,371
Burleigh,United Tribes Tech College,U.S. Senate,,REP,write-in,0 
Burleigh,United Tribes Tech College,U.S. Senate,,REP,John Hoeven,413 
Burleigh,United Tribes Tech College,U.S. Senate,,REP,TOTALS,413
Burleigh,Wachter (Civic Center),U.S. Senate,,REP,write-in,0 
Burleigh,Wachter (Civic Center),U.S. Senate,,REP,John Hoeven,315 
Burleigh,Wachter (Civic Center),U.S. Senate,,REP,TOTALS,315
Burleigh,Wilton County Shop,U.S. Senate,,REP,write-in,0 
Burleigh,Wilton County Shop,U.S. Senate,,REP,John Hoeven,89 
Burleigh,Wilton County Shop,U.S. Senate,,REP,TOTALS,89
Burleigh,Wing Fire Hall,U.S. Senate,,REP,write-in,0 
Burleigh,Wing Fire Hall,U.S. Senate,,REP,John Hoeven,115 
Burleigh,Wing Fire Hall,U.S. Senate,,REP,TOTALS,115
Burleigh,TOTAL,U.S. Senate,,REP,write-in,77.0
Burleigh,TOTAL,U.S. Senate,,REP,John Hoeven,14322.0
Burleigh,TOTAL,U.S. Senate,,REP,TOTALS,14399.0
Cass,1101 Olivet Lutheran Church,U.S. Senate,,REP,write-in,9 
Cass,1101 Olivet Lutheran Church,U.S. Senate,,REP,John Hoeven,978 
Cass,1101 Olivet Lutheran Church,U.S. Senate,,REP,TOTALS,987
Cass,1102 Baymont Inn,U.S. Senate,,REP,write-in,8 
Cass,1102 Baymont Inn,U.S. Senate,,REP,John Hoeven,731 
Cass,1102 Baymont Inn,U.S. Senate,,REP,TOTALS,739
Cass,1301 Westside Elem School,U.S. Senate,,REP,write-in,6 
Cass,1301 Westside Elem School,U.S. Senate,,REP,John Hoeven,617 
Cass,1301 Westside Elem School,U.S. Senate,,REP,TOTALS,623
Cass,1302 West Fargo City Hall,U.S. Senate,,REP,write-in,2 
Cass,1302 West Fargo City Hall,U.S. Senate,,REP,John Hoeven,405 
Cass,1302 West Fargo City Hall,U.S. Senate,,REP,TOTALS,407
Cass,1303 Cambria Suites,U.S. Senate,,REP,write-in,5 
Cass,1303 Cambria Suites,U.S. Senate,,REP,John Hoeven,1113 
Cass,1303 Cambria Suites,U.S. Senate,,REP,TOTALS,1118
Cass,1601 Meadowridge Bible Chapel,U.S. Senate,,REP,write-in,0 
Cass,1601 Meadowridge Bible Chapel,U.S. Senate,,REP,John Hoeven,311 
Cass,1601 Meadowridge Bible Chapel,U.S. Senate,,REP,TOTALS,311
Cass,1602 Lutheran Church of the Cross,U.S. Senate,,REP,write-in,3 
Cass,1602 Lutheran Church of the Cross,U.S. Senate,,REP,John Hoeven,390 
Cass,1602 Lutheran Church of the Cross,U.S. Senate,,REP,TOTALS,393
Cass,1603 Scheels Arena,U.S. Senate,,REP,write-in,2 
Cass,1603 Scheels Arena,U.S. Senate,,REP,John Hoeven,325 
Cass,1603 Scheels Arena,U.S. Senate,,REP,TOTALS,327
Cass,1604 Journey In Faith Church,U.S. Senate,,REP,write-in,1 
Cass,1604 Journey In Faith Church,U.S. Senate,,REP,John Hoeven,250 
Cass,1604 Journey In Faith Church,U.S. Senate,,REP,TOTALS,251
Cass,2001 Northern Cass PSD,U.S. Senate,,REP,write-in,0 
Cass,2001 Northern Cass PSD,U.S. Senate,,REP,John Hoeven,178 
Cass,2001 Northern Cass PSD,U.S. Senate,,REP,TOTALS,178
Cass,2101 Robert D Johnson Rec Ctr,U.S. Senate,,REP,write-in,7 
Cass,2101 Robert D Johnson Rec Ctr,U.S. Senate,,REP,John Hoeven,619 
Cass,2101 Robert D Johnson Rec Ctr,U.S. Senate,,REP,TOTALS,626
Cass,2102 Fargo Public Library,U.S. Senate,,REP,write-in,3 
Cass,2102 Fargo Public Library,U.S. Senate,,REP,John Hoeven,330 
Cass,2102 Fargo Public Library,U.S. Senate,,REP,TOTALS,333
Cass,2201 Page Senior Ctr,U.S. Senate,,REP,write-in,0 
Cass,2201 Page Senior Ctr,U.S. Senate,,REP,John Hoeven,116 
Cass,2201 Page Senior Ctr,U.S. Senate,,REP,TOTALS,116
Cass,2202 Arthur Community Hall,U.S. Senate,,REP,write-in,0 
Cass,2202 Arthur Community Hall,U.S. Senate,,REP,John Hoeven,237 
Cass,2202 Arthur Community Hall,U.S. Senate,,REP,TOTALS,237
Cass,2203 Buffalo Community Center,U.S. Senate,,REP,write-in,2 
Cass,2203 Buffalo Community Center,U.S. Senate,,REP,John Hoeven,168 
Cass,2203 Buffalo Community Center,U.S. Senate,,REP,TOTALS,170
Cass,2204 Days Inn Casselton,U.S. Senate,,REP,write-in,1 
Cass,2204 Days Inn Casselton,U.S. Senate,,REP,John Hoeven,522 
Cass,2204 Days Inn Casselton,U.S. Senate,,REP,TOTALS,523
Cass,2205 Mapleton Community Ctr,U.S. Senate,,REP,write-in,3 
Cass,2205 Mapleton Community Ctr,U.S. Senate,,REP,John Hoeven,253 
Cass,2205 Mapleton Community Ctr,U.S. Senate,,REP,TOTALS,256
Cass,2206 Shiloh Evangelical Church,U.S. Senate,,REP,write-in,4 
Cass,2206 Shiloh Evangelical Church,U.S. Senate,,REP,John Hoeven,738 
Cass,2206 Shiloh Evangelical Church,U.S. Senate,,REP,TOTALS,742
Cass,2207 Davenport Community Ctr,U.S. Senate,,REP,write-in,0 
Cass,2207 Davenport Community Ctr,U.S. Senate,,REP,John Hoeven,157 
Cass,2207 Davenport Community Ctr,U.S. Senate,,REP,TOTALS,157
Cass,2208 Horace Senior Center,U.S. Senate,,REP,write-in,3 
Cass,2208 Horace Senior Center,U.S. Senate,,REP,John Hoeven,609 
Cass,2208 Horace Senior Center,U.S. Senate,,REP,TOTALS,612
Cass,2401 Tower City Community Ctr,U.S. Senate,,REP,write-in,1 
Cass,2401 Tower City Community Ctr,U.S. Senate,,REP,John Hoeven,108 
Cass,2401 Tower City Community Ctr,U.S. Senate,,REP,TOTALS,109
Cass,2402 Nu Tech Offices Alice,U.S. Senate,,REP,write-in,0 
Cass,2402 Nu Tech Offices Alice,U.S. Senate,,REP,John Hoeven,85 
Cass,2402 Nu Tech Offices Alice,U.S. Senate,,REP,TOTALS,85
Cass,2501 Hickson Community Center,U.S. Senate,,REP,write-in,1 
Cass,2501 Hickson Community Center,U.S. Senate,,REP,John Hoeven,172 
Cass,2501 Hickson Community Center,U.S. Senate,,REP,TOTALS,173
Cass,2502 Kindred City Hall,U.S. Senate,,REP,write-in,1 
Cass,2502 Kindred City Hall,U.S. Senate,,REP,John Hoeven,165 
Cass,2502 Kindred City Hall,U.S. Senate,,REP,TOTALS,166
Cass,2701 West Acres-Main Entrance,U.S. Senate,,REP,write-in,3 
Cass,2701 West Acres-Main Entrance,U.S. Senate,,REP,John Hoeven,158 
Cass,2701 West Acres-Main Entrance,U.S. Senate,,REP,TOTALS,161
Cass,2702 Living Waters Church,U.S. Senate,,REP,write-in,2 
Cass,2702 Living Waters Church,U.S. Senate,,REP,John Hoeven,612 
Cass,2702 Living Waters Church,U.S. Senate,,REP,TOTALS,614
Cass,2703 Calvary United Methodist,U.S. Senate,,REP,write-in,10 
Cass,2703 Calvary United Methodist,U.S. Senate,,REP,John Hoeven,1016 
Cass,2703 Calvary United Methodist,U.S. Senate,,REP,TOTALS,1026
Cass,4101 Bethel Evangelical Church,U.S. Senate,,REP,write-in,8 
Cass,4101 Bethel Evangelical Church,U.S. Senate,,REP,John Hoeven,1273 
Cass,4101 Bethel Evangelical Church,U.S. Senate,,REP,TOTALS,1281
Cass,4102 First Assembly of God,U.S. Senate,,REP,write-in,4 
Cass,4102 First Assembly of God,U.S. Senate,,REP,John Hoeven,998 
Cass,4102 First Assembly of God,U.S. Senate,,REP,TOTALS,1002
Cass,4401 El Zagal Shrine,U.S. Senate,,REP,write-in,10 
Cass,4401 El Zagal Shrine,U.S. Senate,,REP,John Hoeven,898 
Cass,4401 El Zagal Shrine,U.S. Senate,,REP,TOTALS,908
Cass,4402 Knollbrook Covenant Chrch,U.S. Senate,,REP,write-in,5 
Cass,4402 Knollbrook Covenant Chrch,U.S. Senate,,REP,John Hoeven,1026 
Cass,4402 Knollbrook Covenant Chrch,U.S. Senate,,REP,TOTALS,1031
Cass,4501 FargoDome,U.S. Senate,,REP,write-in,1 
Cass,4501 FargoDome,U.S. Senate,,REP,John Hoeven,886 
Cass,4501 FargoDome,U.S. Senate,,REP,TOTALS,887
Cass,4502 Reiles Acres Community Cn,U.S. Senate,,REP,write-in,2 
Cass,4502 Reiles Acres Community Cn,U.S. Senate,,REP,John Hoeven,312 
Cass,4502 Reiles Acres Community Cn,U.S. Senate,,REP,TOTALS,314
Cass,4503 Harwood Community Center,U.S. Senate,,REP,write-in,0 
Cass,4503 Harwood Community Center,U.S. Senate,,REP,John Hoeven,391 
Cass,4503 Harwood Community Center,U.S. Senate,,REP,TOTALS,391
Cass,4504 Argusville Fire Hall,U.S. Senate,,REP,write-in,0 
Cass,4504 Argusville Fire Hall,U.S. Senate,,REP,John Hoeven,165 
Cass,4504 Argusville Fire Hall,U.S. Senate,,REP,TOTALS,165
Cass,4601 The Bowler,U.S. Senate,,REP,write-in,4 
Cass,4601 The Bowler,U.S. Senate,,REP,John Hoeven,544 
Cass,4601 The Bowler,U.S. Senate,,REP,TOTALS,548
Cass,4602 Atonement Lutheran Church,U.S. Senate,,REP,write-in,4 
Cass,4602 Atonement Lutheran Church,U.S. Senate,,REP,John Hoeven,1192 
Cass,4602 Atonement Lutheran Church,U.S. Senate,,REP,TOTALS,1196
Cass,4603 Riverview Place,U.S. Senate,,REP,write-in,3 
Cass,4603 Riverview Place,U.S. Senate,,REP,John Hoeven,649 
Cass,4603 Riverview Place,U.S. Senate,,REP,TOTALS,652
Cass,TOTAL,U.S. Senate,,REP,write-in,118.0
Cass,TOTAL,U.S. Senate,,REP,John Hoeven,19697.0
Cass,TOTAL,U.S. Senate,,REP,TOTALS,19815.0
Cavalier,Precinct 1,U.S. Senate,,REP,write-in,1 
Cavalier,Precinct 1,U.S. Senate,,REP,John Hoeven,859 
Cavalier,Precinct 1,U.S. Senate,,REP,TOTALS,860
Cavalier,TOTAL,U.S. Senate,,REP,write-in,1.0
Cavalier,TOTAL,U.S. Senate,,REP,John Hoeven,859.0
Cavalier,TOTAL,U.S. Senate,,REP,TOTALS,860.0
Dickey,Precinct 01,U.S. Senate,,REP,write-in,1 
Dickey,Precinct 01,U.S. Senate,,REP,John Hoeven,344 
Dickey,Precinct 01,U.S. Senate,,REP,TOTALS,345
Dickey,Precinct 02,U.S. Senate,,REP,write-in,0 
Dickey,Precinct 02,U.S. Senate,,REP,John Hoeven,48 
Dickey,Precinct 02,U.S. Senate,,REP,TOTALS,48
Dickey,Precinct 03,U.S. Senate,,REP,write-in,2 
Dickey,Precinct 03,U.S. Senate,,REP,John Hoeven,313 
Dickey,Precinct 03,U.S. Senate,,REP,TOTALS,315
Dickey,TOTAL,U.S. Senate,,REP,write-in,3.0
Dickey,TOTAL,U.S. Senate,,REP,John Hoeven,705.0
Dickey,TOTAL,U.S. Senate,,REP,TOTALS,708.0
Divide,Precinct 1,U.S. Senate,,REP,write-in,0 
Divide,Precinct 1,U.S. Senate,,REP,John Hoeven,228 
Divide,Precinct 1,U.S. Senate,,REP,TOTALS,228
Divide,Precinct 2,U.S. Senate,,REP,write-in,0 
Divide,Precinct 2,U.S. Senate,,REP,John Hoeven,103 
Divide,Precinct 2,U.S. Senate,,REP,TOTALS,103
Divide,Precinct 3,U.S. Senate,,REP,write-in,0 
Divide,Precinct 3,U.S. Senate,,REP,John Hoeven,65 
Divide,Precinct 3,U.S. Senate,,REP,TOTALS,65
Divide,Precinct 4,U.S. Senate,,REP,write-in,0 
Divide,Precinct 4,U.S. Senate,,REP,John Hoeven,48 
Divide,Precinct 4,U.S. Senate,,REP,TOTALS,48
Divide,TOTAL,U.S. Senate,,REP,write-in,0.0
Divide,TOTAL,U.S. Senate,,REP,John Hoeven,444.0
Divide,TOTAL,U.S. Senate,,REP,TOTALS,444.0
Dunn,Antelope - Twin Buttes,U.S. Senate,,REP,write-in,0 
Dunn,Antelope - Twin Buttes,U.S. Senate,,REP,John Hoeven,12 
Dunn,Antelope - Twin Buttes,U.S. Senate,,REP,TOTALS,12
Dunn,Collins/Halliday,U.S. Senate,,REP,write-in,0 
Dunn,Collins/Halliday,U.S. Senate,,REP,John Hoeven,74 
Dunn,Collins/Halliday,U.S. Senate,,REP,TOTALS,74
Dunn,Dodge/Loring,U.S. Senate,,REP,write-in,1 
Dunn,Dodge/Loring,U.S. Senate,,REP,John Hoeven,46 
Dunn,Dodge/Loring,U.S. Senate,,REP,TOTALS,47
Dunn,Dunn Center/Decorah,U.S. Senate,,REP,write-in,0 
Dunn,Dunn Center/Decorah,U.S. Senate,,REP,John Hoeven,127 
Dunn,Dunn Center/Decorah,U.S. Senate,,REP,TOTALS,127
Dunn,Killdeer City 36,U.S. Senate,,REP,write-in,1 
Dunn,Killdeer City 36,U.S. Senate,,REP,John Hoeven,3 
Dunn,Killdeer City 36,U.S. Senate,,REP,TOTALS,4
Dunn,Killdeer City 39,U.S. Senate,,REP,write-in,0 
Dunn,Killdeer City 39,U.S. Senate,,REP,John Hoeven,171 
Dunn,Killdeer City 39,U.S. Senate,,REP,TOTALS,171
Dunn,Killdeer Unorganized,U.S. Senate,,REP,write-in,1 
Dunn,Killdeer Unorganized,U.S. Senate,,REP,John Hoeven,56 
Dunn,Killdeer Unorganized,U.S. Senate,,REP,TOTALS,57
Dunn,Kyseth,U.S. Senate,,REP,write-in,1 
Dunn,Kyseth,U.S. Senate,,REP,John Hoeven,36 
Dunn,Kyseth,U.S. Senate,,REP,TOTALS,37
Dunn,Manning,U.S. Senate,,REP,write-in,0 
Dunn,Manning,U.S. Senate,,REP,John Hoeven,118 
Dunn,Manning,U.S. Senate,,REP,TOTALS,118
Dunn,New Hradec,U.S. Senate,,REP,write-in,0 
Dunn,New Hradec,U.S. Senate,,REP,John Hoeven,80 
Dunn,New Hradec,U.S. Senate,,REP,TOTALS,80
Dunn,North Fox,U.S. Senate,,REP,write-in,0 
Dunn,North Fox,U.S. Senate,,REP,John Hoeven,2 
Dunn,North Fox,U.S. Senate,,REP,TOTALS,2
Dunn,Oakdale,U.S. Senate,,REP,write-in,0 
Dunn,Oakdale,U.S. Senate,,REP,John Hoeven,59 
Dunn,Oakdale,U.S. Senate,,REP,TOTALS,59
Dunn,TOTAL,U.S. Senate,,REP,write-in,4.0
Dunn,TOTAL,U.S. Senate,,REP,John Hoeven,784.0
Dunn,TOTAL,U.S. Senate,,REP,TOTALS,788.0
Eddy,Precinct 01,U.S. Senate,,REP,write-in,0 
Eddy,Precinct 01,U.S. Senate,,REP,John Hoeven,233 
Eddy,Precinct 01,U.S. Senate,,REP,TOTALS,233
Eddy,Precinct 02,U.S. Senate,,REP,write-in,1 
Eddy,Precinct 02,U.S. Senate,,REP,John Hoeven,176 
Eddy,Precinct 02,U.S. Senate,,REP,TOTALS,177
Eddy,TOTAL,U.S. Senate,,REP,write-in,1.0
Eddy,TOTAL,U.S. Senate,,REP,John Hoeven,409.0
Eddy,TOTAL,U.S. Senate,,REP,TOTALS,410.0
Emmons,Precinct 1,U.S. Senate,,REP,write-in,1 
Emmons,Precinct 1,U.S. Senate,,REP,John Hoeven,225 
Emmons,Precinct 1,U.S. Senate,,REP,TOTALS,226
Emmons,Precinct 2,U.S. Senate,,REP,write-in,1 
Emmons,Precinct 2,U.S. Senate,,REP,John Hoeven,193 
Emmons,Precinct 2,U.S. Senate,,REP,TOTALS,194
Emmons,Precinct 3,U.S. Senate,,REP,write-in,1 
Emmons,Precinct 3,U.S. Senate,,REP,John Hoeven,248 
Emmons,Precinct 3,U.S. Senate,,REP,TOTALS,249
Emmons,Precinct 4,U.S. Senate,,REP,write-in,0 
Emmons,Precinct 4,U.S. Senate,,REP,John Hoeven,151 
Emmons,Precinct 4,U.S. Senate,,REP,TOTALS,151
Emmons,Precinct 5,U.S. Senate,,REP,write-in,0 
Emmons,Precinct 5,U.S. Senate,,REP,John Hoeven,238 
Emmons,Precinct 5,U.S. Senate,,REP,TOTALS,238
Emmons,TOTAL,U.S. Senate,,REP,write-in,3.0
Emmons,TOTAL,U.S. Senate,,REP,John Hoeven,1055.0
Emmons,TOTAL,U.S. Senate,,REP,TOTALS,1058.0
Foster,Precinct 01,U.S. Senate,,REP,write-in,0 
Foster,Precinct 01,U.S. Senate,,REP,John Hoeven,45 
Foster,Precinct 01,U.S. Senate,,REP,TOTALS,45
Foster,Precinct 02,U.S. Senate,,REP,write-in,0 
Foster,Precinct 02,U.S. Senate,,REP,John Hoeven,41 
Foster,Precinct 02,U.S. Senate,,REP,TOTALS,41
Foster,Precinct 03,U.S. Senate,,REP,write-in,0 
Foster,Precinct 03,U.S. Senate,,REP,John Hoeven,43 
Foster,Precinct 03,U.S. Senate,,REP,TOTALS,43
Foster,Precinct 04,U.S. Senate,,REP,write-in,0 
Foster,Precinct 04,U.S. Senate,,REP,John Hoeven,221 
Foster,Precinct 04,U.S. Senate,,REP,TOTALS,221
Foster,Precinct 05,U.S. Senate,,REP,write-in,0 
Foster,Precinct 05,U.S. Senate,,REP,John Hoeven,225 
Foster,Precinct 05,U.S. Senate,,REP,TOTALS,225
Foster,Precinct 06,U.S. Senate,,REP,write-in,0 
Foster,Precinct 06,U.S. Senate,,REP,John Hoeven,219 
Foster,Precinct 06,U.S. Senate,,REP,TOTALS,219
Foster,TOTAL,U.S. Senate,,REP,write-in,0.0
Foster,TOTAL,U.S. Senate,,REP,John Hoeven,794.0
Foster,TOTAL,U.S. Senate,,REP,TOTALS,794.0
Golden Valley,Precinct #1,U.S. Senate,,REP,write-in,1 
Golden Valley,Precinct #1,U.S. Senate,,REP,John Hoeven,375 
Golden Valley,Precinct #1,U.S. Senate,,REP,TOTALS,376
Golden Valley,TOTAL,U.S. Senate,,REP,write-in,1.0
Golden Valley,TOTAL,U.S. Senate,,REP,John Hoeven,375.0
Golden Valley,TOTAL,U.S. Senate,,REP,TOTALS,376.0
Grand Forks,Alerus 01,U.S. Senate,,REP,write-in,3 
Grand Forks,Alerus 01,U.S. Senate,,REP,John Hoeven,183 
Grand Forks,Alerus 01,U.S. Senate,,REP,TOTALS,186
Grand Forks,Alerus 05,U.S. Senate,,REP,write-in,1 
Grand Forks,Alerus 05,U.S. Senate,,REP,John Hoeven,518 
Grand Forks,Alerus 05,U.S. Senate,,REP,TOTALS,519
Grand Forks,Alerus 24,U.S. Senate,,REP,write-in,0 
Grand Forks,Alerus 24,U.S. Senate,,REP,John Hoeven,291 
Grand Forks,Alerus 24,U.S. Senate,,REP,TOTALS,291
Grand Forks,Alerus 25,U.S. Senate,,REP,write-in,0 
Grand Forks,Alerus 25,U.S. Senate,,REP,John Hoeven,189 
Grand Forks,Alerus 25,U.S. Senate,,REP,TOTALS,189
Grand Forks,Alerus 26,U.S. Senate,,REP,write-in,0 
Grand Forks,Alerus 26,U.S. Senate,,REP,John Hoeven,484 
Grand Forks,Alerus 26,U.S. Senate,,REP,TOTALS,484
Grand Forks,Alerus 27,U.S. Senate,,REP,write-in,3 
Grand Forks,Alerus 27,U.S. Senate,,REP,John Hoeven,407 
Grand Forks,Alerus 27,U.S. Senate,,REP,TOTALS,410
Grand Forks,Bible Baptist Church,U.S. Senate,,REP,write-in,1 
Grand Forks,Bible Baptist Church,U.S. Senate,,REP,John Hoeven,101 
Grand Forks,Bible Baptist Church,U.S. Senate,,REP,TOTALS,102
Grand Forks,Emerado Community Hall,U.S. Senate,,REP,write-in,0 
Grand Forks,Emerado Community Hall,U.S. Senate,,REP,John Hoeven,93 
Grand Forks,Emerado Community Hall,U.S. Senate,,REP,TOTALS,93
Grand Forks,First Presbyterian Church,U.S. Senate,,REP,write-in,2 
Grand Forks,First Presbyterian Church,U.S. Senate,,REP,John Hoeven,625 
Grand Forks,First Presbyterian Church,U.S. Senate,,REP,TOTALS,627
Grand Forks,Gilby Community Center,U.S. Senate,,REP,write-in,2 
Grand Forks,Gilby Community Center,U.S. Senate,,REP,John Hoeven,130 
Grand Forks,Gilby Community Center,U.S. Senate,,REP,TOTALS,132
Grand Forks,Gorecki Alumni Center,U.S. Senate,,REP,write-in,1 
Grand Forks,Gorecki Alumni Center,U.S. Senate,,REP,John Hoeven,106 
Grand Forks,Gorecki Alumni Center,U.S. Senate,,REP,TOTALS,107
Grand Forks,Grand Forks City Hall,U.S. Senate,,REP,write-in,1 
Grand Forks,Grand Forks City Hall,U.S. Senate,,REP,John Hoeven,154 
Grand Forks,Grand Forks City Hall,U.S. Senate,,REP,TOTALS,155
Grand Forks,Holy Family,U.S. Senate,,REP,write-in,9 
Grand Forks,Holy Family,U.S. Senate,,REP,John Hoeven,720 
Grand Forks,Holy Family,U.S. Senate,,REP,TOTALS,729
Grand Forks,Hope Evangelical Church,U.S. Senate,,REP,write-in,3 
Grand Forks,Hope Evangelical Church,U.S. Senate,,REP,John Hoeven,404 
Grand Forks,Hope Evangelical Church,U.S. Senate,,REP,TOTALS,407
Grand Forks,ICON Arena/Park District Office 04,U.S. Senate,,REP,write-in,0 
Grand Forks,ICON Arena/Park District Office 04,U.S. Senate,,REP,John Hoeven,799 
Grand Forks,ICON Arena/Park District Office 04,U.S. Senate,,REP,TOTALS,799
Grand Forks,ICON Arena/Park District Office 23,U.S. Senate,,REP,write-in,1 
Grand Forks,ICON Arena/Park District Office 23,U.S. Senate,,REP,John Hoeven,23 
Grand Forks,ICON Arena/Park District Office 23,U.S. Senate,,REP,TOTALS,24
Grand Forks,Larimore Senior Citizens Center,U.S. Senate,,REP,write-in,1 
Grand Forks,Larimore Senior Citizens Center,U.S. Senate,,REP,John Hoeven,401 
Grand Forks,Larimore Senior Citizens Center,U.S. Senate,,REP,TOTALS,402
Grand Forks,Manvel Public School,U.S. Senate,,REP,write-in,0 
Grand Forks,Manvel Public School,U.S. Senate,,REP,John Hoeven,125 
Grand Forks,Manvel Public School,U.S. Senate,,REP,TOTALS,125
Grand Forks,Northwood Community Center,U.S. Senate,,REP,write-in,0 
Grand Forks,Northwood Community Center,U.S. Senate,,REP,John Hoeven,272 
Grand Forks,Northwood Community Center,U.S. Senate,,REP,TOTALS,272
Grand Forks,Public Works,U.S. Senate,,REP,write-in,2 
Grand Forks,Public Works,U.S. Senate,,REP,John Hoeven,276 
Grand Forks,Public Works,U.S. Senate,,REP,TOTALS,278
Grand Forks,St. Paul's Episcopal Church 10,U.S. Senate,,REP,write-in,2 
Grand Forks,St. Paul's Episcopal Church 10,U.S. Senate,,REP,John Hoeven,249 
Grand Forks,St. Paul's Episcopal Church 10,U.S. Senate,,REP,TOTALS,251
Grand Forks,St. Paul's Episcopal Church 11,U.S. Senate,,REP,write-in,3 
Grand Forks,St. Paul's Episcopal Church 11,U.S. Senate,,REP,John Hoeven,47 
Grand Forks,St. Paul's Episcopal Church 11,U.S. Senate,,REP,TOTALS,50
Grand Forks,Thompson Community Center,U.S. Senate,,REP,write-in,0 
Grand Forks,Thompson Community Center,U.S. Senate,,REP,John Hoeven,441 
Grand Forks,Thompson Community Center,U.S. Senate,,REP,TOTALS,441
Grand Forks,UND Wellness Center 21,U.S. Senate,,REP,write-in,1 
Grand Forks,UND Wellness Center 21,U.S. Senate,,REP,John Hoeven,111 
Grand Forks,UND Wellness Center 21,U.S. Senate,,REP,TOTALS,112
Grand Forks,UND Wellness Center 22,U.S. Senate,,REP,write-in,1 
Grand Forks,UND Wellness Center 22,U.S. Senate,,REP,John Hoeven,262 
Grand Forks,UND Wellness Center 22,U.S. Senate,,REP,TOTALS,263
Grand Forks,Wesley United Church,U.S. Senate,,REP,write-in,0 
Grand Forks,Wesley United Church,U.S. Senate,,REP,John Hoeven,121 
Grand Forks,Wesley United Church,U.S. Senate,,REP,TOTALS,121
Grand Forks,TOTAL,U.S. Senate,,REP,write-in,37.0
Grand Forks,TOTAL,U.S. Senate,,REP,John Hoeven,7532.0
Grand Forks,TOTAL,U.S. Senate,,REP,TOTALS,7569.0
Grant,Carson,U.S. Senate,,REP,write-in,0 
Grant,Carson,U.S. Senate,,REP,John Hoeven,73 
Grant,Carson,U.S. Senate,,REP,TOTALS,73
Grant,Elgin,U.S. Senate,,REP,write-in,1 
Grant,Elgin,U.S. Senate,,REP,John Hoeven,180 
Grant,Elgin,U.S. Senate,,REP,TOTALS,181
Grant,New Leipzig,U.S. Senate,,REP,write-in,0 
Grant,New Leipzig,U.S. Senate,,REP,John Hoeven,84 
Grant,New Leipzig,U.S. Senate,,REP,TOTALS,84
Grant,Rural Grant County,U.S. Senate,,REP,write-in,0 
Grant,Rural Grant County,U.S. Senate,,REP,John Hoeven,397 
Grant,Rural Grant County,U.S. Senate,,REP,TOTALS,397
Grant,TOTAL,U.S. Senate,,REP,write-in,1.0
Grant,TOTAL,U.S. Senate,,REP,John Hoeven,734.0
Grant,TOTAL,U.S. Senate,,REP,TOTALS,735.0
Griggs,Precinct 01,U.S. Senate,,REP,write-in,0 
Griggs,Precinct 01,U.S. Senate,,REP,John Hoeven,118 
Griggs,Precinct 01,U.S. Senate,,REP,TOTALS,118
Griggs,Precinct 02,U.S. Senate,,REP,write-in,0 
Griggs,Precinct 02,U.S. Senate,,REP,John Hoeven,117 
Griggs,Precinct 02,U.S. Senate,,REP,TOTALS,117
Griggs,Precinct 03,U.S. Senate,,REP,write-in,1 
Griggs,Precinct 03,U.S. Senate,,REP,John Hoeven,80 
Griggs,Precinct 03,U.S. Senate,,REP,TOTALS,81
Griggs,Precinct 04,U.S. Senate,,REP,write-in,0 
Griggs,Precinct 04,U.S. Senate,,REP,John Hoeven,113 
Griggs,Precinct 04,U.S. Senate,,REP,TOTALS,113
Griggs,Precinct 05,U.S. Senate,,REP,write-in,0 
Griggs,Precinct 05,U.S. Senate,,REP,John Hoeven,115 
Griggs,Precinct 05,U.S. Senate,,REP,TOTALS,115
Griggs,TOTAL,U.S. Senate,,REP,write-in,1.0
Griggs,TOTAL,U.S. Senate,,REP,John Hoeven,543.0
Griggs,TOTAL,U.S. Senate,,REP,TOTALS,544.0
Hettinger,Indian Creek #4,U.S. Senate,,REP,write-in,0 
Hettinger,Indian Creek #4,U.S. Senate,,REP,John Hoeven,72 
Hettinger,Indian Creek #4,U.S. Senate,,REP,TOTALS,72
Hettinger,Mott #1,U.S. Senate,,REP,write-in,2 
Hettinger,Mott #1,U.S. Senate,,REP,John Hoeven,348 
Hettinger,Mott #1,U.S. Senate,,REP,TOTALS,350
Hettinger,New England #3,U.S. Senate,,REP,write-in,0 
Hettinger,New England #3,U.S. Senate,,REP,John Hoeven,191 
Hettinger,New England #3,U.S. Senate,,REP,TOTALS,191
Hettinger,Regent #2,U.S. Senate,,REP,write-in,0 
Hettinger,Regent #2,U.S. Senate,,REP,John Hoeven,50 
Hettinger,Regent #2,U.S. Senate,,REP,TOTALS,50
Hettinger,TOTAL,U.S. Senate,,REP,write-in,2.0
Hettinger,TOTAL,U.S. Senate,,REP,John Hoeven,661.0
Hettinger,TOTAL,U.S. Senate,,REP,TOTALS,663.0
Kidder,Dawson,U.S. Senate,,REP,write-in,0 
Kidder,Dawson,U.S. Senate,,REP,John Hoeven,71 
Kidder,Dawson,U.S. Senate,,REP,TOTALS,71
Kidder,Pettibone,U.S. Senate,,REP,write-in,0 
Kidder,Pettibone,U.S. Senate,,REP,John Hoeven,36 
Kidder,Pettibone,U.S. Senate,,REP,TOTALS,36
Kidder,Robinson,U.S. Senate,,REP,write-in,1 
Kidder,Robinson,U.S. Senate,,REP,John Hoeven,37 
Kidder,Robinson,U.S. Senate,,REP,TOTALS,38
Kidder,Steele,U.S. Senate,,REP,write-in,5 
Kidder,Steele,U.S. Senate,,REP,John Hoeven,327 
Kidder,Steele,U.S. Senate,,REP,TOTALS,332
Kidder,Tappen,U.S. Senate,,REP,write-in,0 
Kidder,Tappen,U.S. Senate,,REP,John Hoeven,138 
Kidder,Tappen,U.S. Senate,,REP,TOTALS,138
Kidder,Tuttle,U.S. Senate,,REP,write-in,0 
Kidder,Tuttle,U.S. Senate,,REP,John Hoeven,58 
Kidder,Tuttle,U.S. Senate,,REP,TOTALS,58
Kidder,TOTAL,U.S. Senate,,REP,write-in,6.0
Kidder,TOTAL,U.S. Senate,,REP,John Hoeven,667.0
Kidder,TOTAL,U.S. Senate,,REP,TOTALS,673.0
LaMoure,Precinct 1,U.S. Senate,,REP,write-in,1 
LaMoure,Precinct 1,U.S. Senate,,REP,John Hoeven,184 
LaMoure,Precinct 1,U.S. Senate,,REP,TOTALS,185
LaMoure,Precinct 2,U.S. Senate,,REP,write-in,1 
LaMoure,Precinct 2,U.S. Senate,,REP,John Hoeven,324 
LaMoure,Precinct 2,U.S. Senate,,REP,TOTALS,325
LaMoure,Precinct 3,U.S. Senate,,REP,write-in,0 
LaMoure,Precinct 3,U.S. Senate,,REP,John Hoeven,129 
LaMoure,Precinct 3,U.S. Senate,,REP,TOTALS,129
LaMoure,Precinct 4,U.S. Senate,,REP,write-in,0 
LaMoure,Precinct 4,U.S. Senate,,REP,John Hoeven,410 
LaMoure,Precinct 4,U.S. Senate,,REP,TOTALS,410
LaMoure,TOTAL,U.S. Senate,,REP,write-in,2.0
LaMoure,TOTAL,U.S. Senate,,REP,John Hoeven,1047.0
LaMoure,TOTAL,U.S. Senate,,REP,TOTALS,1049.0
Logan,Precinct 01- American Legion,U.S. Senate,,REP,write-in,1 
Logan,Precinct 01- American Legion,U.S. Senate,,REP,John Hoeven,155 
Logan,Precinct 01- American Legion,U.S. Senate,,REP,TOTALS,156
Logan,Precinct 02-American Legion,U.S. Senate,,REP,write-in,0 
Logan,Precinct 02-American Legion,U.S. Senate,,REP,John Hoeven,274 
Logan,Precinct 02-American Legion,U.S. Senate,,REP,TOTALS,274
Logan,Precinct 03 - Gackle School,U.S. Senate,,REP,write-in,1 
Logan,Precinct 03 - Gackle School,U.S. Senate,,REP,John Hoeven,141 
Logan,Precinct 03 - Gackle School,U.S. Senate,,REP,TOTALS,142
Logan,Precinct 04 -Lehr Com Cent.,U.S. Senate,,REP,write-in,0 
Logan,Precinct 04 -Lehr Com Cent.,U.S. Senate,,REP,John Hoeven,33 
Logan,Precinct 04 -Lehr Com Cent.,U.S. Senate,,REP,TOTALS,33
Logan,Precinct 05 - Fredonia Mini Ml,U.S. Senate,,REP,write-in,0 
Logan,Precinct 05 - Fredonia Mini Ml,U.S. Senate,,REP,John Hoeven,39 
Logan,Precinct 05 - Fredonia Mini Ml,U.S. Senate,,REP,TOTALS,39
Logan,TOTAL,U.S. Senate,,REP,write-in,2.0
Logan,TOTAL,U.S. Senate,,REP,John Hoeven,642.0
Logan,TOTAL,U.S. Senate,,REP,TOTALS,644.0
McHenry,Precinct 16,U.S. Senate,,REP,write-in,0 
McHenry,Precinct 16,U.S. Senate,,REP,John Hoeven,76 
McHenry,Precinct 16,U.S. Senate,,REP,TOTALS,76
McHenry,Precinct 18,U.S. Senate,,REP,write-in,1 
McHenry,Precinct 18,U.S. Senate,,REP,John Hoeven,294 
McHenry,Precinct 18,U.S. Senate,,REP,TOTALS,295
McHenry,Precinct 27,U.S. Senate,,REP,write-in,0 
McHenry,Precinct 27,U.S. Senate,,REP,John Hoeven,89 
McHenry,Precinct 27,U.S. Senate,,REP,TOTALS,89
McHenry,Precinct 41,U.S. Senate,,REP,write-in,0 
McHenry,Precinct 41,U.S. Senate,,REP,John Hoeven,96 
McHenry,Precinct 41,U.S. Senate,,REP,TOTALS,96
McHenry,Precinct 47,U.S. Senate,,REP,write-in,2 
McHenry,Precinct 47,U.S. Senate,,REP,John Hoeven,392 
McHenry,Precinct 47,U.S. Senate,,REP,TOTALS,394
McHenry,Precinct 55,U.S. Senate,,REP,write-in,0 
McHenry,Precinct 55,U.S. Senate,,REP,John Hoeven,91 
McHenry,Precinct 55,U.S. Senate,,REP,TOTALS,91
McHenry,Precinct 58,U.S. Senate,,REP,write-in,0 
McHenry,Precinct 58,U.S. Senate,,REP,John Hoeven,91 
McHenry,Precinct 58,U.S. Senate,,REP,TOTALS,91
McHenry,Precinct 62,U.S. Senate,,REP,write-in,0 
McHenry,Precinct 62,U.S. Senate,,REP,John Hoeven,91 
McHenry,Precinct 62,U.S. Senate,,REP,TOTALS,91
McHenry,TOTAL,U.S. Senate,,REP,write-in,3.0
McHenry,TOTAL,U.S. Senate,,REP,John Hoeven,1220.0
McHenry,TOTAL,U.S. Senate,,REP,TOTALS,1223.0
McIntosh,Precinct 1-City of Ashley,U.S. Senate,,REP,write-in,1 
McIntosh,Precinct 1-City of Ashley,U.S. Senate,,REP,John Hoeven,221 
McIntosh,Precinct 1-City of Ashley,U.S. Senate,,REP,TOTALS,222
McIntosh,Precinct 2-Rural Ashley,U.S. Senate,,REP,write-in,0 
McIntosh,Precinct 2-Rural Ashley,U.S. Senate,,REP,John Hoeven,107 
McIntosh,Precinct 2-Rural Ashley,U.S. Senate,,REP,TOTALS,107
McIntosh,Precinct 3-Lehr/Rural Lehr,U.S. Senate,,REP,write-in,0 
McIntosh,Precinct 3-Lehr/Rural Lehr,U.S. Senate,,REP,John Hoeven,31 
McIntosh,Precinct 3-Lehr/Rural Lehr,U.S. Senate,,REP,TOTALS,31
McIntosh,Precinct 4-City of Wishek,U.S. Senate,,REP,write-in,2 
McIntosh,Precinct 4-City of Wishek,U.S. Senate,,REP,John Hoeven,310 
McIntosh,Precinct 4-City of Wishek,U.S. Senate,,REP,TOTALS,312
McIntosh,Precinct 5-Rural Wishek,U.S. Senate,,REP,write-in,0 
McIntosh,Precinct 5-Rural Wishek,U.S. Senate,,REP,John Hoeven,95 
McIntosh,Precinct 5-Rural Wishek,U.S. Senate,,REP,TOTALS,95
McIntosh,Precinct 6-Zeeland/Rural,U.S. Senate,,REP,write-in,1 
McIntosh,Precinct 6-Zeeland/Rural,U.S. Senate,,REP,John Hoeven,87 
McIntosh,Precinct 6-Zeeland/Rural,U.S. Senate,,REP,TOTALS,88
McIntosh,TOTAL,U.S. Senate,,REP,write-in,4.0
McIntosh,TOTAL,U.S. Senate,,REP,John Hoeven,851.0
McIntosh,TOTAL,U.S. Senate,,REP,TOTALS,855.0
McKenzie,04-01 Four Bears,U.S. Senate,,REP,write-in,0 
McKenzie,04-01 Four Bears,U.S. Senate,,REP,John Hoeven,2 
McKenzie,04-01 Four Bears,U.S. Senate,,REP,TOTALS,2
McKenzie,04-02 Mandaree,U.S. Senate,,REP,write-in,0 
McKenzie,04-02 Mandaree,U.S. Senate,,REP,John Hoeven,5 
McKenzie,04-02 Mandaree,U.S. Senate,,REP,TOTALS,5
McKenzie,39-03 Yellowstone,U.S. Senate,,REP,write-in,0 
McKenzie,39-03 Yellowstone,U.S. Senate,,REP,John Hoeven,50 
McKenzie,39-03 Yellowstone,U.S. Senate,,REP,TOTALS,50
McKenzie,39-04 Sioux,U.S. Senate,,REP,write-in,0 
McKenzie,39-04 Sioux,U.S. Senate,,REP,John Hoeven,52 
McKenzie,39-04 Sioux,U.S. Senate,,REP,TOTALS,52
McKenzie,39-05 Alexander,U.S. Senate,,REP,write-in,1 
McKenzie,39-05 Alexander,U.S. Senate,,REP,John Hoeven,134 
McKenzie,39-05 Alexander,U.S. Senate,,REP,TOTALS,135
McKenzie,39-06 Arnegard,U.S. Senate,,REP,write-in,0 
McKenzie,39-06 Arnegard,U.S. Senate,,REP,John Hoeven,131 
McKenzie,39-06 Arnegard,U.S. Senate,,REP,TOTALS,131
McKenzie,39-07 Bennie Pierre,U.S. Senate,,REP,write-in,0 
McKenzie,39-07 Bennie Pierre,U.S. Senate,,REP,John Hoeven,47 
McKenzie,39-07 Bennie Pierre,U.S. Senate,,REP,TOTALS,47
McKenzie,39-08 Rhoades,U.S. Senate,,REP,write-in,0 
McKenzie,39-08 Rhoades,U.S. Senate,,REP,John Hoeven,65 
McKenzie,39-08 Rhoades,U.S. Senate,,REP,TOTALS,65
McKenzie,39-09 Ideal/Schafer,U.S. Senate,,REP,write-in,0 
McKenzie,39-09 Ideal/Schafer,U.S. Senate,,REP,John Hoeven,415 
McKenzie,39-09 Ideal/Schafer,U.S. Senate,,REP,TOTALS,415
McKenzie,39-11 Watford City,U.S. Senate,,REP,write-in,0 
McKenzie,39-11 Watford City,U.S. Senate,,REP,John Hoeven,460 
McKenzie,39-11 Watford City,U.S. Senate,,REP,TOTALS,460
McKenzie,39-12 Blue Buttes,U.S. Senate,,REP,write-in,0 
McKenzie,39-12 Blue Buttes,U.S. Senate,,REP,John Hoeven,100 
McKenzie,39-12 Blue Buttes,U.S. Senate,,REP,TOTALS,100
McKenzie,TOTAL,U.S. Senate,,REP,write-in,1.0
McKenzie,TOTAL,U.S. Senate,,REP,John Hoeven,1461.0
McKenzie,TOTAL,U.S. Senate,,REP,TOTALS,1462.0
McLean,LEGISLATIVE 4-McLEAN LESS 0402,U.S. Senate,,REP,write-in,0 
McLean,LEGISLATIVE 4-McLEAN LESS 0402,U.S. Senate,,REP,John Hoeven,237 
McLean,LEGISLATIVE 4-McLEAN LESS 0402,U.S. Senate,,REP,TOTALS,237
McLean,LEGISLATIVE 8-McLEAN COUNTY,U.S. Senate,,REP,write-in,1 
McLean,LEGISLATIVE 8-McLEAN COUNTY,U.S. Senate,,REP,John Hoeven,1850 
McLean,LEGISLATIVE 8-McLEAN COUNTY,U.S. Senate,,REP,TOTALS,1851
McLean,WHITE SHIELD/ZIEGLER RURAL,U.S. Senate,,REP,write-in,0 
McLean,WHITE SHIELD/ZIEGLER RURAL,U.S. Senate,,REP,John Hoeven,11 
McLean,WHITE SHIELD/ZIEGLER RURAL,U.S. Senate,,REP,TOTALS,11
McLean,TOTAL,U.S. Senate,,REP,write-in,1.0
McLean,TOTAL,U.S. Senate,,REP,John Hoeven,2098.0
McLean,TOTAL,U.S. Senate,,REP,TOTALS,2099.0
Mercer,Precinct 0401,U.S. Senate,,REP,write-in,0 
Mercer,Precinct 0401,U.S. Senate,,REP,John Hoeven,2 
Mercer,Precinct 0401,U.S. Senate,,REP,TOTALS,2
Mercer,Precinct 3301,U.S. Senate,,REP,write-in,1 
Mercer,Precinct 3301,U.S. Senate,,REP,John Hoeven,129 
Mercer,Precinct 3301,U.S. Senate,,REP,TOTALS,130
Mercer,Precinct 3303,U.S. Senate,,REP,write-in,0 
Mercer,Precinct 3303,U.S. Senate,,REP,John Hoeven,146 
Mercer,Precinct 3303,U.S. Senate,,REP,TOTALS,146
Mercer,Precinct 3313,U.S. Senate,,REP,write-in,0 
Mercer,Precinct 3313,U.S. Senate,,REP,John Hoeven,156 
Mercer,Precinct 3313,U.S. Senate,,REP,TOTALS,156
Mercer,Precinct 3314,U.S. Senate,,REP,write-in,0 
Mercer,Precinct 3314,U.S. Senate,,REP,John Hoeven,90 
Mercer,Precinct 3314,U.S. Senate,,REP,TOTALS,90
Mercer,Precinct 3316,U.S. Senate,,REP,write-in,0 
Mercer,Precinct 3316,U.S. Senate,,REP,John Hoeven,81 
Mercer,Precinct 3316,U.S. Senate,,REP,TOTALS,81
Mercer,Precinct 3320,U.S. Senate,,REP,write-in,0 
Mercer,Precinct 3320,U.S. Senate,,REP,John Hoeven,100 
Mercer,Precinct 3320,U.S. Senate,,REP,TOTALS,100
Mercer,Precinct 3321,U.S. Senate,,REP,write-in,1 
Mercer,Precinct 3321,U.S. Senate,,REP,John Hoeven,213 
Mercer,Precinct 3321,U.S. Senate,,REP,TOTALS,214
Mercer,Precinct 3322,U.S. Senate,,REP,write-in,3 
Mercer,Precinct 3322,U.S. Senate,,REP,John Hoeven,180 
Mercer,Precinct 3322,U.S. Senate,,REP,TOTALS,183
Mercer,Precinct 3323,U.S. Senate,,REP,write-in,0 
Mercer,Precinct 3323,U.S. Senate,,REP,John Hoeven,185 
Mercer,Precinct 3323,U.S. Senate,,REP,TOTALS,185
Mercer,Precinct 3324,U.S. Senate,,REP,write-in,0 
Mercer,Precinct 3324,U.S. Senate,,REP,John Hoeven,97 
Mercer,Precinct 3324,U.S. Senate,,REP,TOTALS,97
Mercer,Precinct 3381,U.S. Senate,,REP,write-in,0 
Mercer,Precinct 3381,U.S. Senate,,REP,John Hoeven,156 
Mercer,Precinct 3381,U.S. Senate,,REP,TOTALS,156
Mercer,Precinct 3382,U.S. Senate,,REP,write-in,2 
Mercer,Precinct 3382,U.S. Senate,,REP,John Hoeven,210 
Mercer,Precinct 3382,U.S. Senate,,REP,TOTALS,212
Mercer,Precinct 3383,U.S. Senate,,REP,write-in,0 
Mercer,Precinct 3383,U.S. Senate,,REP,John Hoeven,147 
Mercer,Precinct 3383,U.S. Senate,,REP,TOTALS,147
Mercer,TOTAL,U.S. Senate,,REP,write-in,7.0
Mercer,TOTAL,U.S. Senate,,REP,John Hoeven,1892.0
Mercer,TOTAL,U.S. Senate,,REP,TOTALS,1899.0
Morton,Precinct 01,U.S. Senate,,REP,write-in,1 
Morton,Precinct 01,U.S. Senate,,REP,John Hoeven,493 
Morton,Precinct 01,U.S. Senate,,REP,TOTALS,494
Morton,Precinct 02,U.S. Senate,,REP,write-in,6 
Morton,Precinct 02,U.S. Senate,,REP,John Hoeven,603 
Morton,Precinct 02,U.S. Senate,,REP,TOTALS,609
Morton,Precinct 03,U.S. Senate,,REP,write-in,1 
Morton,Precinct 03,U.S. Senate,,REP,John Hoeven,206 
Morton,Precinct 03,U.S. Senate,,REP,TOTALS,207
Morton,Precinct 04,U.S. Senate,,REP,write-in,1 
Morton,Precinct 04,U.S. Senate,,REP,John Hoeven,314 
Morton,Precinct 04,U.S. Senate,,REP,TOTALS,315
Morton,Precinct 05,U.S. Senate,,REP,write-in,1 
Morton,Precinct 05,U.S. Senate,,REP,John Hoeven,167 
Morton,Precinct 05,U.S. Senate,,REP,TOTALS,168
Morton,Precinct 06,U.S. Senate,,REP,write-in,1 
Morton,Precinct 06,U.S. Senate,,REP,John Hoeven,281 
Morton,Precinct 06,U.S. Senate,,REP,TOTALS,282
Morton,Precinct 07,U.S. Senate,,REP,write-in,3 
Morton,Precinct 07,U.S. Senate,,REP,John Hoeven,163 
Morton,Precinct 07,U.S. Senate,,REP,TOTALS,166
Morton,Precinct 08,U.S. Senate,,REP,write-in,1 
Morton,Precinct 08,U.S. Senate,,REP,John Hoeven,138 
Morton,Precinct 08,U.S. Senate,,REP,TOTALS,139
Morton,Precinct 17,U.S. Senate,,REP,write-in,3 
Morton,Precinct 17,U.S. Senate,,REP,John Hoeven,479 
Morton,Precinct 17,U.S. Senate,,REP,TOTALS,482
Morton,Precinct 18,U.S. Senate,,REP,write-in,0 
Morton,Precinct 18,U.S. Senate,,REP,John Hoeven,172 
Morton,Precinct 18,U.S. Senate,,REP,TOTALS,172
Morton,Precinct 20,U.S. Senate,,REP,write-in,0 
Morton,Precinct 20,U.S. Senate,,REP,John Hoeven,93 
Morton,Precinct 20,U.S. Senate,,REP,TOTALS,93
Morton,Precinct 23,U.S. Senate,,REP,write-in,0 
Morton,Precinct 23,U.S. Senate,,REP,John Hoeven,90 
Morton,Precinct 23,U.S. Senate,,REP,TOTALS,90
Morton,Precinct 24,U.S. Senate,,REP,write-in,0 
Morton,Precinct 24,U.S. Senate,,REP,John Hoeven,233 
Morton,Precinct 24,U.S. Senate,,REP,TOTALS,233
Morton,Precinct 32,U.S. Senate,,REP,write-in,0 
Morton,Precinct 32,U.S. Senate,,REP,John Hoeven,311 
Morton,Precinct 32,U.S. Senate,,REP,TOTALS,311
Morton,Precinct 33,U.S. Senate,,REP,write-in,0 
Morton,Precinct 33,U.S. Senate,,REP,John Hoeven,288 
Morton,Precinct 33,U.S. Senate,,REP,TOTALS,288
Morton,Precinct 34,U.S. Senate,,REP,write-in,0 
Morton,Precinct 34,U.S. Senate,,REP,John Hoeven,52 
Morton,Precinct 34,U.S. Senate,,REP,TOTALS,52
Morton,Precinct 36,U.S. Senate,,REP,write-in,2 
Morton,Precinct 36,U.S. Senate,,REP,John Hoeven,238 
Morton,Precinct 36,U.S. Senate,,REP,TOTALS,240
Morton,Precinct 38,U.S. Senate,,REP,write-in,1 
Morton,Precinct 38,U.S. Senate,,REP,John Hoeven,154 
Morton,Precinct 38,U.S. Senate,,REP,TOTALS,155
Morton,TOTAL,U.S. Senate,,REP,write-in,21.0
Morton,TOTAL,U.S. Senate,,REP,John Hoeven,4475.0
Morton,TOTAL,U.S. Senate,,REP,TOTALS,4496.0
Mountrail,Precinct 01,U.S. Senate,,REP,write-in,0 
Mountrail,Precinct 01,U.S. Senate,,REP,John Hoeven,317 
Mountrail,Precinct 01,U.S. Senate,,REP,TOTALS,317
Mountrail,Precinct 02,U.S. Senate,,REP,write-in,0 
Mountrail,Precinct 02,U.S. Senate,,REP,John Hoeven,57 
Mountrail,Precinct 02,U.S. Senate,,REP,TOTALS,57
Mountrail,Precinct 03,U.S. Senate,,REP,write-in,0 
Mountrail,Precinct 03,U.S. Senate,,REP,John Hoeven,112 
Mountrail,Precinct 03,U.S. Senate,,REP,TOTALS,112
Mountrail,Precinct 04,U.S. Senate,,REP,write-in,0 
Mountrail,Precinct 04,U.S. Senate,,REP,John Hoeven,43 
Mountrail,Precinct 04,U.S. Senate,,REP,TOTALS,43
Mountrail,Precinct 05,U.S. Senate,,REP,write-in,0 
Mountrail,Precinct 05,U.S. Senate,,REP,John Hoeven,98 
Mountrail,Precinct 05,U.S. Senate,,REP,TOTALS,98
Mountrail,Precinct 06,U.S. Senate,,REP,write-in,3 
Mountrail,Precinct 06,U.S. Senate,,REP,John Hoeven,55 
Mountrail,Precinct 06,U.S. Senate,,REP,TOTALS,58
Mountrail,Precinct 07,U.S. Senate,,REP,write-in,0 
Mountrail,Precinct 07,U.S. Senate,,REP,John Hoeven,113 
Mountrail,Precinct 07,U.S. Senate,,REP,TOTALS,113
Mountrail,Precinct 08,U.S. Senate,,REP,write-in,0 
Mountrail,Precinct 08,U.S. Senate,,REP,John Hoeven,93 
Mountrail,Precinct 08,U.S. Senate,,REP,TOTALS,93
Mountrail,Precinct 09,U.S. Senate,,REP,write-in,0 
Mountrail,Precinct 09,U.S. Senate,,REP,John Hoeven,56 
Mountrail,Precinct 09,U.S. Senate,,REP,TOTALS,56
Mountrail,TOTAL,U.S. Senate,,REP,write-in,3.0
Mountrail,TOTAL,U.S. Senate,,REP,John Hoeven,944.0
Mountrail,TOTAL,U.S. Senate,,REP,TOTALS,947.0
Nelson,Precinct 1 Nelson County,U.S. Senate,,REP,write-in,3 
Nelson,Precinct 1 Nelson County,U.S. Senate,,REP,John Hoeven,722 
Nelson,Precinct 1 Nelson County,U.S. Senate,,REP,TOTALS,725
Nelson,TOTAL,U.S. Senate,,REP,write-in,3.0
Nelson,TOTAL,U.S. Senate,,REP,John Hoeven,722.0
Nelson,TOTAL,U.S. Senate,,REP,TOTALS,725.0
Oliver,Precinct 01-SouthEast Oliver,U.S. Senate,,REP,write-in,0 
Oliver,Precinct 01-SouthEast Oliver,U.S. Senate,,REP,John Hoeven,63 
Oliver,Precinct 01-SouthEast Oliver,U.S. Senate,,REP,TOTALS,63
Oliver,Precinct 02-Center /West Side,U.S. Senate,,REP,write-in,0 
Oliver,Precinct 02-Center /West Side,U.S. Senate,,REP,John Hoeven,65 
Oliver,Precinct 02-Center /West Side,U.S. Senate,,REP,TOTALS,65
Oliver,Precinct 03-Hensler,U.S. Senate,,REP,write-in,0 
Oliver,Precinct 03-Hensler,U.S. Senate,,REP,John Hoeven,30 
Oliver,Precinct 03-Hensler,U.S. Senate,,REP,TOTALS,30
Oliver,Precinct 04-Fort Clark,U.S. Senate,,REP,write-in,0 
Oliver,Precinct 04-Fort Clark,U.S. Senate,,REP,John Hoeven,20 
Oliver,Precinct 04-Fort Clark,U.S. Senate,,REP,TOTALS,20
Oliver,Precinct 05-Far West Oliver,U.S. Senate,,REP,write-in,0 
Oliver,Precinct 05-Far West Oliver,U.S. Senate,,REP,John Hoeven,36 
Oliver,Precinct 05-Far West Oliver,U.S. Senate,,REP,TOTALS,36
Oliver,Precinct 06-Hannover,U.S. Senate,,REP,write-in,0 
Oliver,Precinct 06-Hannover,U.S. Senate,,REP,John Hoeven,72 
Oliver,Precinct 06-Hannover,U.S. Senate,,REP,TOTALS,72
Oliver,Precinct 07-Center/ East Side,U.S. Senate,,REP,write-in,0 
Oliver,Precinct 07-Center/ East Side,U.S. Senate,,REP,John Hoeven,95 
Oliver,Precinct 07-Center/ East Side,U.S. Senate,,REP,TOTALS,95
Oliver,TOTAL,U.S. Senate,,REP,write-in,0.0
Oliver,TOTAL,U.S. Senate,,REP,John Hoeven,381.0
Oliver,TOTAL,U.S. Senate,,REP,TOTALS,381.0
Pembina,Precinct 10-01,U.S. Senate,,REP,write-in,1 
Pembina,Precinct 10-01,U.S. Senate,,REP,John Hoeven,218 
Pembina,Precinct 10-01,U.S. Senate,,REP,TOTALS,219
Pembina,Precinct 10-02,U.S. Senate,,REP,write-in,0 
Pembina,Precinct 10-02,U.S. Senate,,REP,John Hoeven,288 
Pembina,Precinct 10-02,U.S. Senate,,REP,TOTALS,288
Pembina,Precinct 10-03,U.S. Senate,,REP,write-in,0 
Pembina,Precinct 10-03,U.S. Senate,,REP,John Hoeven,295 
Pembina,Precinct 10-03,U.S. Senate,,REP,TOTALS,295
Pembina,Precinct 10-04,U.S. Senate,,REP,write-in,0 
Pembina,Precinct 10-04,U.S. Senate,,REP,John Hoeven,357 
Pembina,Precinct 10-04,U.S. Senate,,REP,TOTALS,357
Pembina,Precinct 10-05,U.S. Senate,,REP,write-in,0 
Pembina,Precinct 10-05,U.S. Senate,,REP,John Hoeven,112 
Pembina,Precinct 10-05,U.S. Senate,,REP,TOTALS,112
Pembina,Precinct 10-06,U.S. Senate,,REP,write-in,0 
Pembina,Precinct 10-06,U.S. Senate,,REP,John Hoeven,118 
Pembina,Precinct 10-06,U.S. Senate,,REP,TOTALS,118
Pembina,TOTAL,U.S. Senate,,REP,write-in,1.0
Pembina,TOTAL,U.S. Senate,,REP,John Hoeven,1388.0
Pembina,TOTAL,U.S. Senate,,REP,TOTALS,1389.0
Pierce,Precinct 01,U.S. Senate,,REP,write-in,0 
Pierce,Precinct 01,U.S. Senate,,REP,John Hoeven,45 
Pierce,Precinct 01,U.S. Senate,,REP,TOTALS,45
Pierce,Precinct 02,U.S. Senate,,REP,write-in,0 
Pierce,Precinct 02,U.S. Senate,,REP,John Hoeven,52 
Pierce,Precinct 02,U.S. Senate,,REP,TOTALS,52
Pierce,Precinct 03,U.S. Senate,,REP,write-in,0 
Pierce,Precinct 03,U.S. Senate,,REP,John Hoeven,120 
Pierce,Precinct 03,U.S. Senate,,REP,TOTALS,120
Pierce,Precinct 04- 1ST WARD 1ST,U.S. Senate,,REP,write-in,1 
Pierce,Precinct 04- 1ST WARD 1ST,U.S. Senate,,REP,John Hoeven,66 
Pierce,Precinct 04- 1ST WARD 1ST,U.S. Senate,,REP,TOTALS,67
Pierce,Precinct 05- 1ST WARD 2ND,U.S. Senate,,REP,write-in,0 
Pierce,Precinct 05- 1ST WARD 2ND,U.S. Senate,,REP,John Hoeven,28 
Pierce,Precinct 05- 1ST WARD 2ND,U.S. Senate,,REP,TOTALS,28
Pierce,Precinct 06 -2ND WARD,U.S. Senate,,REP,write-in,0 
Pierce,Precinct 06 -2ND WARD,U.S. Senate,,REP,John Hoeven,160 
Pierce,Precinct 06 -2ND WARD,U.S. Senate,,REP,TOTALS,160
Pierce,Precinct 07-3RD WARD,U.S. Senate,,REP,write-in,0 
Pierce,Precinct 07-3RD WARD,U.S. Senate,,REP,John Hoeven,118 
Pierce,Precinct 07-3RD WARD,U.S. Senate,,REP,TOTALS,118
Pierce,Precinct 08 - 4TH WARD,U.S. Senate,,REP,write-in,1 
Pierce,Precinct 08 - 4TH WARD,U.S. Senate,,REP,John Hoeven,234 
Pierce,Precinct 08 - 4TH WARD,U.S. Senate,,REP,TOTALS,235
Pierce,TOTAL,U.S. Senate,,REP,write-in,2.0
Pierce,TOTAL,U.S. Senate,,REP,John Hoeven,823.0
Pierce,TOTAL,U.S. Senate,,REP,TOTALS,825.0
Ramsey,Precinct 01,U.S. Senate,,REP,write-in,3 
Ramsey,Precinct 01,U.S. Senate,,REP,John Hoeven,1046 
Ramsey,Precinct 01,U.S. Senate,,REP,TOTALS,1049
Ramsey,Precinct 02,U.S. Senate,,REP,write-in,1 
Ramsey,Precinct 02,U.S. Senate,,REP,John Hoeven,329 
Ramsey,Precinct 02,U.S. Senate,,REP,TOTALS,330
Ramsey,Precinct 03,U.S. Senate,,REP,write-in,0 
Ramsey,Precinct 03,U.S. Senate,,REP,John Hoeven,503 
Ramsey,Precinct 03,U.S. Senate,,REP,TOTALS,503
Ramsey,Precinct 04,U.S. Senate,,REP,write-in,0 
Ramsey,Precinct 04,U.S. Senate,,REP,John Hoeven,203 
Ramsey,Precinct 04,U.S. Senate,,REP,TOTALS,203
Ramsey,TOTAL,U.S. Senate,,REP,write-in,4.0
Ramsey,TOTAL,U.S. Senate,,REP,John Hoeven,2081.0
Ramsey,TOTAL,U.S. Senate,,REP,TOTALS,2085.0
Ransom,Precinct 1,U.S. Senate,,REP,write-in,0 
Ransom,Precinct 1,U.S. Senate,,REP,John Hoeven,80 
Ransom,Precinct 1,U.S. Senate,,REP,TOTALS,80
Ransom,Precinct 2,U.S. Senate,,REP,write-in,0 
Ransom,Precinct 2,U.S. Senate,,REP,John Hoeven,170 
Ransom,Precinct 2,U.S. Senate,,REP,TOTALS,170
Ransom,Precinct 3,U.S. Senate,,REP,write-in,1 
Ransom,Precinct 3,U.S. Senate,,REP,John Hoeven,280 
Ransom,Precinct 3,U.S. Senate,,REP,TOTALS,281
Ransom,Precinct 4,U.S. Senate,,REP,write-in,0 
Ransom,Precinct 4,U.S. Senate,,REP,John Hoeven,176 
Ransom,Precinct 4,U.S. Senate,,REP,TOTALS,176
Ransom,TOTAL,U.S. Senate,,REP,write-in,1.0
Ransom,TOTAL,U.S. Senate,,REP,John Hoeven,706.0
Ransom,TOTAL,U.S. Senate,,REP,TOTALS,707.0
Renville,GLENBURN,U.S. Senate,,REP,write-in,1 
Renville,GLENBURN,U.S. Senate,,REP,John Hoeven,77 
Renville,GLENBURN,U.S. Senate,,REP,TOTALS,78
Renville,MOHALL,U.S. Senate,,REP,write-in,0 
Renville,MOHALL,U.S. Senate,,REP,John Hoeven,212 
Renville,MOHALL,U.S. Senate,,REP,TOTALS,212
Renville,SHERWOOD,U.S. Senate,,REP,write-in,0 
Renville,SHERWOOD,U.S. Senate,,REP,John Hoeven,117 
Renville,SHERWOOD,U.S. Senate,,REP,TOTALS,117
Renville,TOLLEY,U.S. Senate,,REP,write-in,0 
Renville,TOLLEY,U.S. Senate,,REP,John Hoeven,51 
Renville,TOLLEY,U.S. Senate,,REP,TOTALS,51
Renville,WHITE ASH,U.S. Senate,,REP,write-in,1 
Renville,WHITE ASH,U.S. Senate,,REP,John Hoeven,23 
Renville,WHITE ASH,U.S. Senate,,REP,TOTALS,24
Renville,TOTAL,U.S. Senate,,REP,write-in,2.0
Renville,TOTAL,U.S. Senate,,REP,John Hoeven,480.0
Renville,TOTAL,U.S. Senate,,REP,TOTALS,482.0
Richland,ABERCROMBIE,U.S. Senate,,REP,write-in,0 
Richland,ABERCROMBIE,U.S. Senate,,REP,John Hoeven,121 
Richland,ABERCROMBIE,U.S. Senate,,REP,TOTALS,121
Richland,BARRIE-HELENDALE,U.S. Senate,,REP,write-in,0 
Richland,BARRIE-HELENDALE,U.S. Senate,,REP,John Hoeven,39 
Richland,BARRIE-HELENDALE,U.S. Senate,,REP,TOTALS,39
Richland,BRIGHTWOOD-ELMA-BELFORD,U.S. Senate,,REP,write-in,0 
Richland,BRIGHTWOOD-ELMA-BELFORD,U.S. Senate,,REP,John Hoeven,90 
Richland,BRIGHTWOOD-ELMA-BELFORD,U.S. Senate,,REP,TOTALS,90
Richland,CHRISTINE,U.S. Senate,,REP,write-in,1 
Richland,CHRISTINE,U.S. Senate,,REP,John Hoeven,63 
Richland,CHRISTINE,U.S. Senate,,REP,TOTALS,64
Richland,COLFAX,U.S. Senate,,REP,write-in,0 
Richland,COLFAX,U.S. Senate,,REP,John Hoeven,94 
Richland,COLFAX,U.S. Senate,,REP,TOTALS,94
Richland,FAIRMOUNT,U.S. Senate,,REP,write-in,1 
Richland,FAIRMOUNT,U.S. Senate,,REP,John Hoeven,129 
Richland,FAIRMOUNT,U.S. Senate,,REP,TOTALS,130
Richland,HANKINSON,U.S. Senate,,REP,write-in,2 
Richland,HANKINSON,U.S. Senate,,REP,John Hoeven,204 
Richland,HANKINSON,U.S. Senate,,REP,TOTALS,206
Richland,LIDGERWOOD,U.S. Senate,,REP,write-in,1 
Richland,LIDGERWOOD,U.S. Senate,,REP,John Hoeven,166 
Richland,LIDGERWOOD,U.S. Senate,,REP,TOTALS,167
Richland,MOORETON,U.S. Senate,,REP,write-in,1 
Richland,MOORETON,U.S. Senate,,REP,John Hoeven,76 
Richland,MOORETON,U.S. Senate,,REP,TOTALS,77
Richland,WAHPETON CITY HALL,U.S. Senate,,REP,write-in,1 
Richland,WAHPETON CITY HALL,U.S. Senate,,REP,John Hoeven,223 
Richland,WAHPETON CITY HALL,U.S. Senate,,REP,TOTALS,224
Richland,WAHPETON COMM CENTER,U.S. Senate,,REP,write-in,0 
Richland,WAHPETON COMM CENTER,U.S. Senate,,REP,John Hoeven,225 
Richland,WAHPETON COMM CENTER,U.S. Senate,,REP,TOTALS,225
Richland,WAHPETON MIDDLE SCHOOL,U.S. Senate,,REP,write-in,0 
Richland,WAHPETON MIDDLE SCHOOL,U.S. Senate,,REP,John Hoeven,298 
Richland,WAHPETON MIDDLE SCHOOL,U.S. Senate,,REP,TOTALS,298
Richland,WAHPETON RICHLAND LEC,U.S. Senate,,REP,write-in,2 
Richland,WAHPETON RICHLAND LEC,U.S. Senate,,REP,John Hoeven,295 
Richland,WAHPETON RICHLAND LEC,U.S. Senate,,REP,TOTALS,297
Richland,WALCOTT,U.S. Senate,,REP,write-in,1 
Richland,WALCOTT,U.S. Senate,,REP,John Hoeven,74 
Richland,WALCOTT,U.S. Senate,,REP,TOTALS,75
Richland,WYNDMERE,U.S. Senate,,REP,write-in,2 
Richland,WYNDMERE,U.S. Senate,,REP,John Hoeven,196 
Richland,WYNDMERE,U.S. Senate,,REP,TOTALS,198
Richland,TOTAL,U.S. Senate,,REP,write-in,12.0
Richland,TOTAL,U.S. Senate,,REP,John Hoeven,2293.0
Richland,TOTAL,U.S. Senate,,REP,TOTALS,2305.0
Rolette, Rolla #1,U.S. Senate,,REP,write-in,3 
Rolette, Rolla #1,U.S. Senate,,REP,John Hoeven,197 
Rolette, Rolla #1,U.S. Senate,,REP,TOTALS,200
Rolette,Dunseith #4,U.S. Senate,,REP,write-in,0 
Rolette,Dunseith #4,U.S. Senate,,REP,John Hoeven,106 
Rolette,Dunseith #4,U.S. Senate,,REP,TOTALS,106
Rolette,Rolette #5,U.S. Senate,,REP,write-in,0 
Rolette,Rolette #5,U.S. Senate,,REP,John Hoeven,162 
Rolette,Rolette #5,U.S. Senate,,REP,TOTALS,162
Rolette,St John #2,U.S. Senate,,REP,write-in,1 
Rolette,St John #2,U.S. Senate,,REP,John Hoeven,78 
Rolette,St John #2,U.S. Senate,,REP,TOTALS,79
Rolette,Turtle Mtn Reservation #3,U.S. Senate,,REP,write-in,0 
Rolette,Turtle Mtn Reservation #3,U.S. Senate,,REP,John Hoeven,30 
Rolette,Turtle Mtn Reservation #3,U.S. Senate,,REP,TOTALS,30
Rolette,TOTAL,U.S. Senate,,REP,write-in,4.0
Rolette,TOTAL,U.S. Senate,,REP,John Hoeven,573.0
Rolette,TOTAL,U.S. Senate,,REP,TOTALS,577.0
Sargent,Cogswell #3,U.S. Senate,,REP,write-in,0 
Sargent,Cogswell #3,U.S. Senate,,REP,John Hoeven,74 
Sargent,Cogswell #3,U.S. Senate,,REP,TOTALS,74
Sargent,Forman-Havana #4,U.S. Senate,,REP,write-in,0 
Sargent,Forman-Havana #4,U.S. Senate,,REP,John Hoeven,179 
Sargent,Forman-Havana #4,U.S. Senate,,REP,TOTALS,179
Sargent,Gwinner #2,U.S. Senate,,REP,write-in,0 
Sargent,Gwinner #2,U.S. Senate,,REP,John Hoeven,147 
Sargent,Gwinner #2,U.S. Senate,,REP,TOTALS,147
Sargent,Milnor #1,U.S. Senate,,REP,write-in,0 
Sargent,Milnor #1,U.S. Senate,,REP,John Hoeven,197 
Sargent,Milnor #1,U.S. Senate,,REP,TOTALS,197
Sargent,Rutland-Cayuga #5,U.S. Senate,,REP,write-in,1 
Sargent,Rutland-Cayuga #5,U.S. Senate,,REP,John Hoeven,81 
Sargent,Rutland-Cayuga #5,U.S. Senate,,REP,TOTALS,82
Sargent,TOTAL,U.S. Senate,,REP,write-in,1.0
Sargent,TOTAL,U.S. Senate,,REP,John Hoeven,678.0
Sargent,TOTAL,U.S. Senate,,REP,TOTALS,679.0
Sheridan,Precinct 01,U.S. Senate,,REP,write-in,1 
Sheridan,Precinct 01,U.S. Senate,,REP,John Hoeven,446 
Sheridan,Precinct 01,U.S. Senate,,REP,TOTALS,447
Sheridan,TOTAL,U.S. Senate,,REP,write-in,1.0
Sheridan,TOTAL,U.S. Senate,,REP,John Hoeven,446.0
Sheridan,TOTAL,U.S. Senate,,REP,TOTALS,447.0
Sioux,Cannonball,U.S. Senate,,REP,write-in,0 
Sioux,Cannonball,U.S. Senate,,REP,John Hoeven,5 
Sioux,Cannonball,U.S. Senate,,REP,TOTALS,5
Sioux,FY East,U.S. Senate,,REP,write-in,0 
Sioux,FY East,U.S. Senate,,REP,John Hoeven,16 
Sioux,FY East,U.S. Senate,,REP,TOTALS,16
Sioux,FY West,U.S. Senate,,REP,write-in,0 
Sioux,FY West,U.S. Senate,,REP,John Hoeven,6 
Sioux,FY West,U.S. Senate,,REP,TOTALS,6
Sioux,Porcupine,U.S. Senate,,REP,write-in,0 
Sioux,Porcupine,U.S. Senate,,REP,John Hoeven,4 
Sioux,Porcupine,U.S. Senate,,REP,TOTALS,4
Sioux,Selfridge,U.S. Senate,,REP,write-in,0 
Sioux,Selfridge,U.S. Senate,,REP,John Hoeven,85 
Sioux,Selfridge,U.S. Senate,,REP,TOTALS,85
Sioux,Solen,U.S. Senate,,REP,write-in,0 
Sioux,Solen,U.S. Senate,,REP,John Hoeven,13 
Sioux,Solen,U.S. Senate,,REP,TOTALS,13
Sioux,TOTAL,U.S. Senate,,REP,write-in,0.0
Sioux,TOTAL,U.S. Senate,,REP,John Hoeven,129.0
Sioux,TOTAL,U.S. Senate,,REP,TOTALS,129.0
Slope,Amidon Courthouse,U.S. Senate,,REP,write-in,0 
Slope,Amidon Courthouse,U.S. Senate,,REP,John Hoeven,82 
Slope,Amidon Courthouse,U.S. Senate,,REP,TOTALS,82
Slope,Marmarth Community Center,U.S. Senate,,REP,write-in,0 
Slope,Marmarth Community Center,U.S. Senate,,REP,John Hoeven,56 
Slope,Marmarth Community Center,U.S. Senate,,REP,TOTALS,56
Slope,Pierce Church,U.S. Senate,,REP,write-in,1 
Slope,Pierce Church,U.S. Senate,,REP,John Hoeven,70 
Slope,Pierce Church,U.S. Senate,,REP,TOTALS,71
Slope,TOTAL,U.S. Senate,,REP,write-in,1.0
Slope,TOTAL,U.S. Senate,,REP,John Hoeven,208.0
Slope,TOTAL,U.S. Senate,,REP,TOTALS,209.0
Stark,Armory,U.S. Senate,,REP,write-in,8 
Stark,Armory,U.S. Senate,,REP,John Hoeven,2465 
Stark,Armory,U.S. Senate,,REP,TOTALS,2473
Stark,BAC,U.S. Senate,,REP,write-in,1 
Stark,BAC,U.S. Senate,,REP,John Hoeven,533 
Stark,BAC,U.S. Senate,,REP,TOTALS,534
Stark,Belfield,U.S. Senate,,REP,write-in,2 
Stark,Belfield,U.S. Senate,,REP,John Hoeven,255 
Stark,Belfield,U.S. Senate,,REP,TOTALS,257
Stark,Gladstone,U.S. Senate,,REP,write-in,1 
Stark,Gladstone,U.S. Senate,,REP,John Hoeven,125 
Stark,Gladstone,U.S. Senate,,REP,TOTALS,126
Stark,Range 95/96,U.S. Senate,,REP,write-in,0 
Stark,Range 95/96,U.S. Senate,,REP,John Hoeven,471 
Stark,Range 95/96,U.S. Senate,,REP,TOTALS,471
Stark,Richardton,U.S. Senate,,REP,write-in,0 
Stark,Richardton,U.S. Senate,,REP,John Hoeven,236 
Stark,Richardton,U.S. Senate,,REP,TOTALS,236
Stark,South Heart,U.S. Senate,,REP,write-in,0 
Stark,South Heart,U.S. Senate,,REP,John Hoeven,228 
Stark,South Heart,U.S. Senate,,REP,TOTALS,228
Stark,Taylor,U.S. Senate,,REP,write-in,1 
Stark,Taylor,U.S. Senate,,REP,John Hoeven,122 
Stark,Taylor,U.S. Senate,,REP,TOTALS,123
Stark,TOTAL,U.S. Senate,,REP,write-in,13.0
Stark,TOTAL,U.S. Senate,,REP,John Hoeven,4435.0
Stark,TOTAL,U.S. Senate,,REP,TOTALS,4448.0
Steele,Precinct 1,U.S. Senate,,REP,write-in,1 
Steele,Precinct 1,U.S. Senate,,REP,John Hoeven,81 
Steele,Precinct 1,U.S. Senate,,REP,TOTALS,82
Steele,Precinct 2,U.S. Senate,,REP,write-in,0 
Steele,Precinct 2,U.S. Senate,,REP,John Hoeven,80 
Steele,Precinct 2,U.S. Senate,,REP,TOTALS,80
Steele,Precinct 3,U.S. Senate,,REP,write-in,0 
Steele,Precinct 3,U.S. Senate,,REP,John Hoeven,90 
Steele,Precinct 3,U.S. Senate,,REP,TOTALS,90
Steele,Precinct 4,U.S. Senate,,REP,write-in,0 
Steele,Precinct 4,U.S. Senate,,REP,John Hoeven,93 
Steele,Precinct 4,U.S. Senate,,REP,TOTALS,93
Steele,Precinct 5,U.S. Senate,,REP,write-in,1 
Steele,Precinct 5,U.S. Senate,,REP,John Hoeven,79 
Steele,Precinct 5,U.S. Senate,,REP,TOTALS,80
Steele,TOTAL,U.S. Senate,,REP,write-in,2.0
Steele,TOTAL,U.S. Senate,,REP,John Hoeven,423.0
Steele,TOTAL,U.S. Senate,,REP,TOTALS,425.0
Stutsman,Precinct J1,U.S. Senate,,REP,write-in,0 
Stutsman,Precinct J1,U.S. Senate,,REP,John Hoeven,370 
Stutsman,Precinct J1,U.S. Senate,,REP,TOTALS,370
Stutsman,Precinct J2,U.S. Senate,,REP,write-in,1 
Stutsman,Precinct J2,U.S. Senate,,REP,John Hoeven,486 
Stutsman,Precinct J2,U.S. Senate,,REP,TOTALS,487
Stutsman,Precinct J3,U.S. Senate,,REP,write-in,2 
Stutsman,Precinct J3,U.S. Senate,,REP,John Hoeven,334 
Stutsman,Precinct J3,U.S. Senate,,REP,TOTALS,336
Stutsman,Precinct J4,U.S. Senate,,REP,write-in,1 
Stutsman,Precinct J4,U.S. Senate,,REP,John Hoeven,302 
Stutsman,Precinct J4,U.S. Senate,,REP,TOTALS,303
Stutsman,Precinct J5,U.S. Senate,,REP,write-in,0 
Stutsman,Precinct J5,U.S. Senate,,REP,John Hoeven,285 
Stutsman,Precinct J5,U.S. Senate,,REP,TOTALS,285
Stutsman,Precinct J6,U.S. Senate,,REP,write-in,2 
Stutsman,Precinct J6,U.S. Senate,,REP,John Hoeven,253 
Stutsman,Precinct J6,U.S. Senate,,REP,TOTALS,255
Stutsman,Precinct P1,U.S. Senate,,REP,write-in,0 
Stutsman,Precinct P1,U.S. Senate,,REP,John Hoeven,84 
Stutsman,Precinct P1,U.S. Senate,,REP,TOTALS,84
Stutsman,Precinct P2,U.S. Senate,,REP,write-in,0 
Stutsman,Precinct P2,U.S. Senate,,REP,John Hoeven,70 
Stutsman,Precinct P2,U.S. Senate,,REP,TOTALS,70
Stutsman,Precinct P3,U.S. Senate,,REP,write-in,0 
Stutsman,Precinct P3,U.S. Senate,,REP,John Hoeven,123 
Stutsman,Precinct P3,U.S. Senate,,REP,TOTALS,123
Stutsman,Precinct P4,U.S. Senate,,REP,write-in,1 
Stutsman,Precinct P4,U.S. Senate,,REP,John Hoeven,206 
Stutsman,Precinct P4,U.S. Senate,,REP,TOTALS,207
Stutsman,Precinct P5,U.S. Senate,,REP,write-in,0 
Stutsman,Precinct P5,U.S. Senate,,REP,John Hoeven,190 
Stutsman,Precinct P5,U.S. Senate,,REP,TOTALS,190
Stutsman,Precinct P6,U.S. Senate,,REP,write-in,0 
Stutsman,Precinct P6,U.S. Senate,,REP,John Hoeven,213 
Stutsman,Precinct P6,U.S. Senate,,REP,TOTALS,213
Stutsman,TOTAL,U.S. Senate,,REP,write-in,7.0
Stutsman,TOTAL,U.S. Senate,,REP,John Hoeven,2916.0
Stutsman,TOTAL,U.S. Senate,,REP,TOTALS,2923.0
Towner,Cando,U.S. Senate,,REP,write-in,1 
Towner,Cando,U.S. Senate,,REP,John Hoeven,339 
Towner,Cando,U.S. Senate,,REP,TOTALS,340
Towner,Egeland,U.S. Senate,,REP,write-in,2 
Towner,Egeland,U.S. Senate,,REP,John Hoeven,70 
Towner,Egeland,U.S. Senate,,REP,TOTALS,72
Towner,Rocklake,U.S. Senate,,REP,write-in,0 
Towner,Rocklake,U.S. Senate,,REP,John Hoeven,88 
Towner,Rocklake,U.S. Senate,,REP,TOTALS,88
Towner,TOTAL,U.S. Senate,,REP,write-in,3.0
Towner,TOTAL,U.S. Senate,,REP,John Hoeven,497.0
Towner,TOTAL,U.S. Senate,,REP,TOTALS,500.0
Traill,Precinct 1,U.S. Senate,,REP,write-in,0 
Traill,Precinct 1,U.S. Senate,,REP,John Hoeven,64 
Traill,Precinct 1,U.S. Senate,,REP,TOTALS,64
Traill,Precinct 10,U.S. Senate,,REP,write-in,0 
Traill,Precinct 10,U.S. Senate,,REP,John Hoeven,110 
Traill,Precinct 10,U.S. Senate,,REP,TOTALS,110
Traill,Precinct 11,U.S. Senate,,REP,write-in,0 
Traill,Precinct 11,U.S. Senate,,REP,John Hoeven,214 
Traill,Precinct 11,U.S. Senate,,REP,TOTALS,214
Traill,Precinct 12,U.S. Senate,,REP,write-in,1 
Traill,Precinct 12,U.S. Senate,,REP,John Hoeven,129 
Traill,Precinct 12,U.S. Senate,,REP,TOTALS,130
Traill,Precinct 2,U.S. Senate,,REP,write-in,1 
Traill,Precinct 2,U.S. Senate,,REP,John Hoeven,113 
Traill,Precinct 2,U.S. Senate,,REP,TOTALS,114
Traill,Precinct 3,U.S. Senate,,REP,write-in,0 
Traill,Precinct 3,U.S. Senate,,REP,John Hoeven,47 
Traill,Precinct 3,U.S. Senate,,REP,TOTALS,47
Traill,Precinct 4,U.S. Senate,,REP,write-in,0 
Traill,Precinct 4,U.S. Senate,,REP,John Hoeven,55 
Traill,Precinct 4,U.S. Senate,,REP,TOTALS,55
Traill,Precinct 5,U.S. Senate,,REP,write-in,0 
Traill,Precinct 5,U.S. Senate,,REP,John Hoeven,60 
Traill,Precinct 5,U.S. Senate,,REP,TOTALS,60
Traill,Precinct 6,U.S. Senate,,REP,write-in,0 
Traill,Precinct 6,U.S. Senate,,REP,John Hoeven,32 
Traill,Precinct 6,U.S. Senate,,REP,TOTALS,32
Traill,Precinct 7,U.S. Senate,,REP,write-in,1 
Traill,Precinct 7,U.S. Senate,,REP,John Hoeven,178 
Traill,Precinct 7,U.S. Senate,,REP,TOTALS,179
Traill,Precinct 8,U.S. Senate,,REP,write-in,0 
Traill,Precinct 8,U.S. Senate,,REP,John Hoeven,77 
Traill,Precinct 8,U.S. Senate,,REP,TOTALS,77
Traill,Precinct 9,U.S. Senate,,REP,write-in,0 
Traill,Precinct 9,U.S. Senate,,REP,John Hoeven,134 
Traill,Precinct 9,U.S. Senate,,REP,TOTALS,134
Traill,TOTAL,U.S. Senate,,REP,write-in,3.0
Traill,TOTAL,U.S. Senate,,REP,John Hoeven,1213.0
Traill,TOTAL,U.S. Senate,,REP,TOTALS,1216.0
Walsh,Precinct 1 - District 19,U.S. Senate,,REP,write-in,4 
Walsh,Precinct 1 - District 19,U.S. Senate,,REP,John Hoeven,1227 
Walsh,Precinct 1 - District 19,U.S. Senate,,REP,TOTALS,1231
Walsh,Precinct 2 -District 10,U.S. Senate,,REP,write-in,0 
Walsh,Precinct 2 -District 10,U.S. Senate,,REP,John Hoeven,606 
Walsh,Precinct 2 -District 10,U.S. Senate,,REP,TOTALS,606
Walsh,TOTAL,U.S. Senate,,REP,write-in,4.0
Walsh,TOTAL,U.S. Senate,,REP,John Hoeven,1833.0
Walsh,TOTAL,U.S. Senate,,REP,TOTALS,1837.0
Ward,Afton Our Savior Lutheran,U.S. Senate,,REP,write-in,0 
Ward,Afton Our Savior Lutheran,U.S. Senate,,REP,John Hoeven,101 
Ward,Afton Our Savior Lutheran,U.S. Senate,,REP,TOTALS,101
Ward,All Seasons Arena,U.S. Senate,,REP,write-in,4 
Ward,All Seasons Arena,U.S. Senate,,REP,John Hoeven,227 
Ward,All Seasons Arena,U.S. Senate,,REP,TOTALS,231
Ward,Berthold Sr Citizen Center,U.S. Senate,,REP,write-in,0 
Ward,Berthold Sr Citizen Center,U.S. Senate,,REP,John Hoeven,197 
Ward,Berthold Sr Citizen Center,U.S. Senate,,REP,TOTALS,197
Ward,Burlington City Hall,U.S. Senate,,REP,write-in,6 
Ward,Burlington City Hall,U.S. Senate,,REP,John Hoeven,356 
Ward,Burlington City Hall,U.S. Senate,,REP,TOTALS,362
Ward,Des Lacs Community Hall,U.S. Senate,,REP,write-in,0 
Ward,Des Lacs Community Hall,U.S. Senate,,REP,John Hoeven,127 
Ward,Des Lacs Community Hall,U.S. Senate,,REP,TOTALS,127
Ward,Harrison Courthouse,U.S. Senate,,REP,write-in,2 
Ward,Harrison Courthouse,U.S. Senate,,REP,John Hoeven,174 
Ward,Harrison Courthouse,U.S. Senate,,REP,TOTALS,176
Ward,Kenmare Memorial Hall,U.S. Senate,,REP,write-in,0 
Ward,Kenmare Memorial Hall,U.S. Senate,,REP,John Hoeven,291 
Ward,Kenmare Memorial Hall,U.S. Senate,,REP,TOTALS,291
Ward,Makoti Pioneer Sr Citizen Club,U.S. Senate,,REP,write-in,0 
Ward,Makoti Pioneer Sr Citizen Club,U.S. Senate,,REP,John Hoeven,44 
Ward,Makoti Pioneer Sr Citizen Club,U.S. Senate,,REP,TOTALS,44
Ward,NE Minot Dist 3,U.S. Senate,,REP,write-in,3 
Ward,NE Minot Dist 3,U.S. Senate,,REP,John Hoeven,245 
Ward,NE Minot Dist 3,U.S. Senate,,REP,TOTALS,248
Ward,NE Minot Dist 40,U.S. Senate,,REP,write-in,0 
Ward,NE Minot Dist 40,U.S. Senate,,REP,John Hoeven,80 
Ward,NE Minot Dist 40,U.S. Senate,,REP,TOTALS,80
Ward,North Central Lynch Immanuel,U.S. Senate,,REP,write-in,1 
Ward,North Central Lynch Immanuel,U.S. Senate,,REP,John Hoeven,33 
Ward,North Central Lynch Immanuel,U.S. Senate,,REP,TOTALS,34
Ward,NW Minot Dist 3,U.S. Senate,,REP,write-in,0 
Ward,NW Minot Dist 3,U.S. Senate,,REP,John Hoeven,32 
Ward,NW Minot Dist 3,U.S. Senate,,REP,TOTALS,32
Ward,NW Minot Dist 38,U.S. Senate,,REP,write-in,3 
Ward,NW Minot Dist 38,U.S. Senate,,REP,John Hoeven,695 
Ward,NW Minot Dist 38,U.S. Senate,,REP,TOTALS,698
Ward,NW Minot Dist 40,U.S. Senate,,REP,write-in,9 
Ward,NW Minot Dist 40,U.S. Senate,,REP,John Hoeven,866 
Ward,NW Minot Dist 40,U.S. Senate,,REP,TOTALS,875
Ward,NW Minot Dist 5,U.S. Senate,,REP,write-in,0 
Ward,NW Minot Dist 5,U.S. Senate,,REP,John Hoeven,10 
Ward,NW Minot Dist 5,U.S. Senate,,REP,TOTALS,10
Ward,Ruthville Lynch Immanuel,U.S. Senate,,REP,write-in,1 
Ward,Ruthville Lynch Immanuel,U.S. Senate,,REP,John Hoeven,75 
Ward,Ruthville Lynch Immanuel,U.S. Senate,,REP,TOTALS,76
Ward,Ryder Senior Citizen center,U.S. Senate,,REP,write-in,0 
Ward,Ryder Senior Citizen center,U.S. Senate,,REP,John Hoeven,88 
Ward,Ryder Senior Citizen center,U.S. Senate,,REP,TOTALS,88
Ward,Sawyer City Hall,U.S. Senate,,REP,write-in,0 
Ward,Sawyer City Hall,U.S. Senate,,REP,John Hoeven,134 
Ward,Sawyer City Hall,U.S. Senate,,REP,TOTALS,134
Ward,SE Minot Dist 3,U.S. Senate,,REP,write-in,8 
Ward,SE Minot Dist 3,U.S. Senate,,REP,John Hoeven,632 
Ward,SE Minot Dist 3,U.S. Senate,,REP,TOTALS,640
Ward,SE Minot Dist 38,U.S. Senate,,REP,write-in,0 
Ward,SE Minot Dist 38,U.S. Senate,,REP,John Hoeven,200 
Ward,SE Minot Dist 38,U.S. Senate,,REP,TOTALS,200
Ward,SE Minot Dist 5,U.S. Senate,,REP,write-in,0 
Ward,SE Minot Dist 5,U.S. Senate,,REP,John Hoeven,327 
Ward,SE Minot Dist 5,U.S. Senate,,REP,TOTALS,327
Ward,South Prairie School,U.S. Senate,,REP,write-in,1 
Ward,South Prairie School,U.S. Senate,,REP,John Hoeven,57 
Ward,South Prairie School,U.S. Senate,,REP,TOTALS,58
Ward,Sundre Bell School,U.S. Senate,,REP,write-in,2 
Ward,Sundre Bell School,U.S. Senate,,REP,John Hoeven,210 
Ward,Sundre Bell School,U.S. Senate,,REP,TOTALS,212
Ward,Surrey City Hall,U.S. Senate,,REP,write-in,2 
Ward,Surrey City Hall,U.S. Senate,,REP,John Hoeven,176 
Ward,Surrey City Hall,U.S. Senate,,REP,TOTALS,178
Ward,SW Minot Dist 3,U.S. Senate,,REP,write-in,1 
Ward,SW Minot Dist 3,U.S. Senate,,REP,John Hoeven,8 
Ward,SW Minot Dist 3,U.S. Senate,,REP,TOTALS,9
Ward,SW Minot Dist 38,U.S. Senate,,REP,write-in,0 
Ward,SW Minot Dist 38,U.S. Senate,,REP,John Hoeven,119 
Ward,SW Minot Dist 38,U.S. Senate,,REP,TOTALS,119
Ward,SW Minot Dist 5,U.S. Senate,,REP,write-in,6 
Ward,SW Minot Dist 5,U.S. Senate,,REP,John Hoeven,1808 
Ward,SW Minot Dist 5,U.S. Senate,,REP,TOTALS,1814
Ward,TOTAL,U.S. Senate,,REP,write-in,49.0
Ward,TOTAL,U.S. Senate,,REP,John Hoeven,7312.0
Ward,TOTAL,U.S. Senate,,REP,TOTALS,7361.0
Wells,Precinct 01 Harvey,U.S. Senate,,REP,write-in,0 
Wells,Precinct 01 Harvey,U.S. Senate,,REP,John Hoeven,131 
Wells,Precinct 01 Harvey,U.S. Senate,,REP,TOTALS,131
Wells,Precinct 02 Fessenden,U.S. Senate,,REP,write-in,0 
Wells,Precinct 02 Fessenden,U.S. Senate,,REP,John Hoeven,116 
Wells,Precinct 02 Fessenden,U.S. Senate,,REP,TOTALS,116
Wells,Precinct 03 Bowdon,U.S. Senate,,REP,write-in,0 
Wells,Precinct 03 Bowdon,U.S. Senate,,REP,John Hoeven,148 
Wells,Precinct 03 Bowdon,U.S. Senate,,REP,TOTALS,148
Wells,Precinct 04 Sykeston,U.S. Senate,,REP,write-in,0 
Wells,Precinct 04 Sykeston,U.S. Senate,,REP,John Hoeven,108 
Wells,Precinct 04 Sykeston,U.S. Senate,,REP,TOTALS,108
Wells,Precinct 05 Harvey,U.S. Senate,,REP,write-in,3 
Wells,Precinct 05 Harvey,U.S. Senate,,REP,John Hoeven,467 
Wells,Precinct 05 Harvey,U.S. Senate,,REP,TOTALS,470
Wells,Precinct 06 Fessenden,U.S. Senate,,REP,write-in,0 
Wells,Precinct 06 Fessenden,U.S. Senate,,REP,John Hoeven,146 
Wells,Precinct 06 Fessenden,U.S. Senate,,REP,TOTALS,146
Wells,TOTAL,U.S. Senate,,REP,write-in,3.0
Wells,TOTAL,U.S. Senate,,REP,John Hoeven,1116.0
Wells,TOTAL,U.S. Senate,,REP,TOTALS,1119.0
Williams,Precinct 43,U.S. Senate,,REP,write-in,2 
Williams,Precinct 43,U.S. Senate,,REP,John Hoeven,175 
Williams,Precinct 43,U.S. Senate,,REP,TOTALS,177
Williams,Precinct 45,U.S. Senate,,REP,write-in,0 
Williams,Precinct 45,U.S. Senate,,REP,John Hoeven,47 
Williams,Precinct 45,U.S. Senate,,REP,TOTALS,47
Williams,Precinct 48,U.S. Senate,,REP,write-in,2 
Williams,Precinct 48,U.S. Senate,,REP,John Hoeven,148 
Williams,Precinct 48,U.S. Senate,,REP,TOTALS,150
Williams,Precinct 53,U.S. Senate,,REP,write-in,0 
Williams,Precinct 53,U.S. Senate,,REP,John Hoeven,50 
Williams,Precinct 53,U.S. Senate,,REP,TOTALS,50
Williams,Precinct 55,U.S. Senate,,REP,write-in,1 
Williams,Precinct 55,U.S. Senate,,REP,John Hoeven,25 
Williams,Precinct 55,U.S. Senate,,REP,TOTALS,26
Williams,Precinct 59,U.S. Senate,,REP,write-in,2 
Williams,Precinct 59,U.S. Senate,,REP,John Hoeven,458 
Williams,Precinct 59,U.S. Senate,,REP,TOTALS,460
Williams,Precinct 60,U.S. Senate,,REP,write-in,1 
Williams,Precinct 60,U.S. Senate,,REP,John Hoeven,347 
Williams,Precinct 60,U.S. Senate,,REP,TOTALS,348
Williams,Precinct 62,U.S. Senate,,REP,write-in,0 
Williams,Precinct 62,U.S. Senate,,REP,John Hoeven,74 
Williams,Precinct 62,U.S. Senate,,REP,TOTALS,74
Williams,Precinct 63,U.S. Senate,,REP,write-in,1 
Williams,Precinct 63,U.S. Senate,,REP,John Hoeven,109 
Williams,Precinct 63,U.S. Senate,,REP,TOTALS,110
Williams,Precinct 64,U.S. Senate,,REP,write-in,0 
Williams,Precinct 64,U.S. Senate,,REP,John Hoeven,372 
Williams,Precinct 64,U.S. Senate,,REP,TOTALS,372
Williams,Precinct 65,U.S. Senate,,REP,write-in,1 
Williams,Precinct 65,U.S. Senate,,REP,John Hoeven,69 
Williams,Precinct 65,U.S. Senate,,REP,TOTALS,70
Williams,Precinct 67,U.S. Senate,,REP,write-in,1 
Williams,Precinct 67,U.S. Senate,,REP,John Hoeven,64 
Williams,Precinct 67,U.S. Senate,,REP,TOTALS,65
Williams,Precinct 74,U.S. Senate,,REP,write-in,4 
Williams,Precinct 74,U.S. Senate,,REP,John Hoeven,559 
Williams,Precinct 74,U.S. Senate,,REP,TOTALS,563
Williams,Precinct 75,U.S. Senate,,REP,write-in,0 
Williams,Precinct 75,U.S. Senate,,REP,John Hoeven,37 
Williams,Precinct 75,U.S. Senate,,REP,TOTALS,37
Williams,Precinct 76,U.S. Senate,,REP,write-in,0 
Williams,Precinct 76,U.S. Senate,,REP,John Hoeven,30 
Williams,Precinct 76,U.S. Senate,,REP,TOTALS,30
Williams,TOTAL,U.S. Senate,,REP,write-in,15.0
Williams,TOTAL,U.S. Senate,,REP,John Hoeven,2564.0
Williams,TOTAL,U.S. Senate,,REP,TOTALS,2579.0
